[{"model": "P1_Identidad_Acceso.clinica", "pk": 1, "fields": {"nombre": "Centro Psicologico UAGRM", "nit": "123456789", "direccion": "Av. Test", "plan_suscripcion": "Premium"}}, {"model": "P1_Identidad_Acceso.clinica", "pk": 2, "fields": {"nombre": "Clinica Psicologica Integral", "nit": "88888888", "direccion": "av local", "plan_suscripcion": "Basico"}}, {"model": "P1_Identidad_Acceso.clinica", "pk": 3, "fields": {"nombre": "Centro Prueba", "nit": "55555555", "direccion": "Av San Martin", "plan_suscripcion": "Premium"}}, {"model": "P1_Identidad_Acceso.usuario", "pk": 1, "fields": {"password": "pbkdf2_sha256$1200000$GfrjqW6ycBR6usLytTFZaz$6PK4m0fSQSNqiL7dBxiNZjK+x2dpOyDJSi4qToOL58Q=", "last_login": "2026-05-13T20:27:12.770Z", "is_superuser": false, "username": "administrador", "first_name": "", "last_name": "", "email": "admin@test.com", "is_staff": false, "is_active": true, "date_joined": "2026-05-11T01:56:55.820Z", "clinica": 1, "rol": "ADMIN", "especialidad": "", "telefono": "", "horario_atencion": "", "ultima_fecha_pass": "2026-05-11T01:56:57.713Z", "forzar_cambio_pass": false, "groups": [], "user_permissions": []}}, {"model": "P1_Identidad_Acceso.usuario", "pk": 2, "fields": {"password": "pbkdf2_sha256$1200000$LM4CVWOY8vdrQN8sKGutu6$wMiiv6FPw8uGPAVoVBAhTGUwNISIuPVj3e184NuKBds=", "last_login": "2026-05-13T07:37:00.094Z", "is_superuser": false, "username": "admin", "first_name": "", "last_name": "", "email": "admin@gmail.com", "is_staff": false, "is_active": true, "date_joined": "2026-05-11T02:24:49.983Z", "clinica": 2, "rol": "ADMIN", "especialidad": "", "telefono": "", "horario_atencion": "", "ultima_fecha_pass": "2026-05-11T02:24:51.681Z", "forzar_cambio_pass": false, "groups": [], "user_permissions": []}}, {"model": "P1_Identidad_Acceso.usuario", "pk": 3, "fields": {"password": "pbkdf2_sha256$1200000$2UWEpFRZBPci6OqT0mcuVr$GOTOC4Pw71/D+ZKDWuqHYbLX9juI86xb2ZvCHLpAdws=", "last_login": null, "is_superuser": false, "username": "psicologo.ana", "first_name": "Ana", "last_name": "Zabala", "email": "ana@clinica.com", "is_staff": false, "is_active": true, "date_joined": "2026-05-11T02:28:18.631Z", "clinica": 2, "rol": "PSICOLOGO", "especialidad": "", "telefono": "", "horario_atencion": "", "ultima_fecha_pass": "2026-05-11T02:28:18.631Z", "forzar_cambio_pass": false, "groups": [], "user_permissions": []}}, {"model": "P1_Identidad_Acceso.usuario", "pk": 4, "fields": {"password": "pbkdf2_sha256$1200000$TqwM2YiW7o5tAfKj5fiJz7$nFxYUafSmOMf+Qicn5DpsVRQWkiJ7P0YHNadMwEI+uk=", "last_login": "2026-05-13T07:36:20.410Z", "is_superuser": false, "username": "psico_ayuda", "first_name": "", "last_name": "", "email": "psico@tuclinica.com", "is_staff": false, "is_active": true, "date_joined": "2026-05-12T05:44:05.259Z", "clinica": 1, "rol": "PSICOLOGO", "especialidad": "Psicología Clínica / Terapia Cognitiva", "telefono": "", "horario_atencion": "Lunes a Viernes 08:00 - 16:00", "ultima_fecha_pass": "2026-05-12T05:44:06.832Z", "forzar_cambio_pass": false, "groups": [], "user_permissions": []}}, {"model": "P1_Identidad_Acceso.usuario", "pk": 5, "fields": {"password": "pbkdf2_sha256$1200000$fuuGcLiAcMyyVQupalqfTI$Xu9M8e3BNCwX5INwXGz+ePRhSA6I4EIAvQVqVE46rn8=", "last_login": null, "is_superuser": false, "username": "psico.roberto", "first_name": "Roberto", "last_name": "Gomez", "email": "psico.roberto@clinica.com", "is_staff": false, "is_active": true, "date_joined": "2026-05-13T04:32:33.413Z", "clinica": 2, "rol": "PSICOLOGO", "especialidad": "Terapia Cognitiva", "telefono": "78888451", "horario_atencion": "Lunes a Viernes 08:00 - 16:00", "ultima_fecha_pass": "2026-05-13T04:32:33.415Z", "forzar_cambio_pass": false, "groups": [], "user_permissions": []}}, {"model": "P1_Identidad_Acceso.usuario", "pk": 6, "fields": {"password": "pbkdf2_sha256$1200000$LrBrZG5vug6YQn40eMiwN0$mASsz3QK5ualFkQIGOfMVd1AX6Jhim9DBmJgPjmBPpY=", "last_login": null, "is_superuser": false, "username": "psico.marta", "first_name": "Marta", "last_name": "Sanchez", "email": "psico.marta@clinica.com", "is_staff": false, "is_active": true, "date_joined": "2026-05-13T04:32:34.564Z", "clinica": 2, "rol": "PSICOLOGO", "especialidad": "Psicoterapia Infantil", "telefono": "78881897", "horario_atencion": "Lunes a Viernes 08:00 - 16:00", "ultima_fecha_pass": "2026-05-13T04:32:34.564Z", "forzar_cambio_pass": false, "groups": [], "user_permissions": []}}, {"model": "P1_Identidad_Acceso.usuario", "pk": 7, "fields": {"password": "pbkdf2_sha256$1200000$Iohq7FLKwv736NstIlvpPM$WUbWVxRHy/c79VQ2iD43rwc6ajRRtmOr3WuzxdGRcQ8=", "last_login": "2026-05-13T07:15:34.063Z", "is_superuser": false, "username": "prueba", "first_name": "", "last_name": "", "email": "prueba@gmail.com", "is_staff": false, "is_active": true, "date_joined": "2026-05-13T07:15:15.794Z", "clinica": 3, "rol": "ADMIN", "especialidad": "", "telefono": "", "horario_atencion": "", "ultima_fecha_pass": "2026-05-13T07:15:17.907Z", "forzar_cambio_pass": false, "groups": [], "user_permissions": []}}, {"model": "P2_Gestion_Clinica.paciente", "pk": 90, "fields": {"clinica": 2, "nombre": "Juan Perez", "ci": "DEMO-JUA-4273", "fecha_nacimiento": "1990-01-01", "telefono": "70000000", "motivo_consulta": null}}, {"model": "P2_Gestion_Clinica.paciente", "pk": 91, "fields": {"clinica": 2, "nombre": "Maria Garcia", "ci": "DEMO-MAR-8985", "fecha_nacimiento": "1990-01-01", "telefono": "70000000", "motivo_consulta": null}}, {"model": "P2_Gestion_Clinica.paciente", "pk": 92, "fields": {"clinica": 2, "nombre": "Carlos Lopez", "ci": "DEMO-CAR-9511", "fecha_nacimiento": "1990-01-01", "telefono": "70000000", "motivo_consulta": null}}, {"model": "P2_Gestion_Clinica.paciente", "pk": 93, "fields": {"clinica": 2, "nombre": "Ana Zabala", "ci": "DEMO-ANA-0623", "fecha_nacimiento": "1990-01-01", "telefono": "70000000", "motivo_consulta": null}}, {"model": "P2_Gestion_Clinica.paciente", "pk": 95, "fields": {"clinica": 1, "nombre": "pepito", "ci": "88888888", "fecha_nacimiento": "1990-10-10", "telefono": "7777777777", "motivo_consulta": null}}, {"model": "P3_Logistica_Citas.cita", "pk": 65, "fields": {"paciente": 90, "psicologo": 3, "fecha_hora": "2026-05-13T09:00:00Z", "duracion_minutos": 60, "motivo": "Consulta de Control Post-Sistemas", "estado": "PENDIENTE"}}, {"model": "P3_Logistica_Citas.cita", "pk": 66, "fields": {"paciente": 91, "psicologo": 3, "fecha_hora": "2026-05-13T10:00:00Z", "duracion_minutos": 60, "motivo": "Consulta de Control Post-Sistemas", "estado": "PENDIENTE"}}, {"model": "P3_Logistica_Citas.cita", "pk": 67, "fields": {"paciente": 92, "psicologo": 3, "fecha_hora": "2026-05-13T11:00:00Z", "duracion_minutos": 60, "motivo": "Consulta de Control Post-Sistemas", "estado": "PENDIENTE"}}, {"model": "P3_Logistica_Citas.cita", "pk": 68, "fields": {"paciente": 93, "psicologo": 3, "fecha_hora": "2026-05-13T12:00:00Z", "duracion_minutos": 60, "motivo": "Consulta de Control Post-Sistemas", "estado": "PENDIENTE"}}, {"model": "P3_Logistica_Citas.cita", "pk": 70, "fields": {"paciente": 95, "psicologo": 4, "fecha_hora": "2026-05-13T09:00:00Z", "duracion_minutos": 60, "motivo": "Consulta de Control Post-Sistemas", "estado": "PENDIENTE"}}, {"model": "P4_IA_Administracion.logauditoria", "pk": 1, "fields": {"usuario": 1, "accion": "Inició sesión en el sistema.", "fecha": "2026-05-11T01:57:13.698Z"}}, {"model": "P4_IA_Administracion.logauditoria", "pk": 2, "fields": {"usuario": 1, "accion": "Inició sesión en el sistema.", "fecha": "2026-05-11T01:57:29.934Z"}}, {"model": "P4_IA_Administracion.logauditoria", "pk": 3, "fields": {"usuario": 1, "accion": "Inició sesión en el sistema.", "fecha": "2026-05-11T01:57:43.670Z"}}, {"model": "P4_IA_Administracion.logauditoria", "pk": 4, "fields": {"usuario": 1, "accion": "Inició sesión en el sistema.", "fecha": "2026-05-11T01:57:56.074Z"}}, {"model": "P4_IA_Administracion.logauditoria", "pk": 5, "fields": {"usuario": 1, "accion": "Inició sesión en el sistema.", "fecha": "2026-05-11T01:58:28.390Z"}}, {"model": "P4_IA_Administracion.logauditoria", "pk": 6, "fields": {"usuario": 1, "accion": "Inició sesión en el sistema.", "fecha": "2026-05-11T02:03:27.913Z"}}, {"model": "P4_IA_Administracion.logauditoria", "pk": 7, "fields": {"usuario": 1, "accion": "Inició sesión en el sistema.", "fecha": "2026-05-11T02:04:31.756Z"}}, {"model": "P4_IA_Administracion.logauditoria", "pk": 8, "fields": {"usuario": 1, "accion": "Inició sesión en el sistema.", "fecha": "2026-05-11T02:05:34.335Z"}}, {"model": "P4_IA_Administracion.logauditoria", "pk": 9, "fields": {"usuario": 1, "accion": "Inició sesión en el sistema.", "fecha": "2026-05-11T02:06:17.870Z"}}, {"model": "P4_IA_Administracion.logauditoria", "pk": 10, "fields": {"usuario": 1, "accion": "Inició sesión en el sistema.", "fecha": "2026-05-11T02:07:15.580Z"}}, {"model": "P4_IA_Administracion.logauditoria", "pk": 11, "fields": {"usuario": 1, "accion": "Inició sesión en el sistema.", "fecha": "2026-05-11T02:08:01.306Z"}}, {"model": "P4_IA_Administracion.logauditoria", "pk": 12, "fields": {"usuario": 1, "accion": "Inició sesión en el sistema.", "fecha": "2026-05-11T02:08:16.540Z"}}, {"model": "P4_IA_Administracion.logauditoria", "pk": 13, "fields": {"usuario": 1, "accion": "Inició sesión en el sistema.", "fecha": "2026-05-11T02:08:33.909Z"}}, {"model": "P4_IA_Administracion.logauditoria", "pk": 14, "fields": {"usuario": 1, "accion": "Inició sesión en el sistema.", "fecha": "2026-05-11T02:08:43.989Z"}}, {"model": "P4_IA_Administracion.logauditoria", "pk": 15, "fields": {"usuario": 1, "accion": "Inició sesión en el sistema.", "fecha": "2026-05-11T02:09:08.336Z"}}, {"model": "P4_IA_Administracion.logauditoria", "pk": 16, "fields": {"usuario": 1, "accion": "Inició sesión en el sistema.", "fecha": "2026-05-11T02:09:29.759Z"}}, {"model": "P4_IA_Administracion.logauditoria", "pk": 17, "fields": {"usuario": 1, "accion": "Inició sesión en el sistema.", "fecha": "2026-05-11T02:09:47.611Z"}}, {"model": "P4_IA_Administracion.logauditoria", "pk": 18, "fields": {"usuario": 1, "accion": "Inició sesión en el sistema.", "fecha": "2026-05-11T02:10:12.271Z"}}, {"model": "P4_IA_Administracion.logauditoria", "pk": 19, "fields": {"usuario": 1, "accion": "Inició sesión en el sistema.", "fecha": "2026-05-11T02:10:49.930Z"}}, {"model": "P4_IA_Administracion.logauditoria", "pk": 20, "fields": {"usuario": 1, "accion": "Inició sesión en el sistema.", "fecha": "2026-05-11T02:11:29.692Z"}}, {"model": "P4_IA_Administracion.logauditoria", "pk": 21, "fields": {"usuario": 1, "accion": "Inició sesión en el sistema.", "fecha": "2026-05-11T02:12:23.240Z"}}, {"model": "P4_IA_Administracion.logauditoria", "pk": 22, "fields": {"usuario": 1, "accion": "Inició sesión en el sistema.", "fecha": "2026-05-11T02:12:55.631Z"}}, {"model": "P4_IA_Administracion.logauditoria", "pk": 23, "fields": {"usuario": 1, "accion": "Solicitó diagnóstico IA para paciente ID=N/A (Diagnóstico #1)", "fecha": "2026-05-11T02:13:08.527Z"}}, {"model": "P4_IA_Administracion.logauditoria", "pk": 24, "fields": {"usuario": 2, "accion": "Inició sesión en el sistema.", "fecha": "2026-05-11T02:25:01.056Z"}}, {"model": "P4_IA_Administracion.logauditoria", "pk": 25, "fields": {"usuario": 1, "accion": "Inició sesión en el sistema.", "fecha": "2026-05-11T02:32:29.167Z"}}, {"model": "P4_IA_Administracion.logauditoria", "pk": 26, "fields": {"usuario": 1, "accion": "Inició sesión en el sistema.", "fecha": "2026-05-12T05:15:33.192Z"}}, {"model": "P4_IA_Administracion.logauditoria", "pk": 27, "fields": {"usuario": 1, "accion": "Inició sesión en el sistema.", "fecha": "2026-05-12T05:20:13.840Z"}}, {"model": "P4_IA_Administracion.logauditoria", "pk": 28, "fields": {"usuario": 1, "accion": "Registró un nuevo paciente (API): pepito", "fecha": "2026-05-12T05:23:01.969Z"}}, {"model": "P4_IA_Administracion.logauditoria", "pk": 29, "fields": {"usuario": 1, "accion": "Programó cita (ViewSet): pepito (CI: 88888888) — 2026-05-12 16:00:00-04:00", "fecha": "2026-05-12T05:51:52.111Z"}}, {"model": "P4_IA_Administracion.logauditoria", "pk": 30, "fields": {"usuario": 4, "accion": "Inició sesión en el sistema.", "fecha": "2026-05-12T06:20:44.493Z"}}, {"model": "P4_IA_Administracion.logauditoria", "pk": 31, "fields": {"usuario": 2, "accion": "Inició sesión en el sistema.", "fecha": "2026-05-12T06:23:38.942Z"}}, {"model": "P4_IA_Administracion.logauditoria", "pk": 32, "fields": {"usuario": 4, "accion": "Inició sesión en el sistema.", "fecha": "2026-05-12T06:25:46.791Z"}}, {"model": "P4_IA_Administracion.logauditoria", "pk": 33, "fields": {"usuario": 2, "accion": "Inició sesión en el sistema.", "fecha": "2026-05-13T04:24:12.298Z"}}, {"model": "P4_IA_Administracion.logauditoria", "pk": 34, "fields": {"usuario": 4, "accion": "Inició sesión en el sistema.", "fecha": "2026-05-13T05:12:24.072Z"}}, {"model": "P4_IA_Administracion.logauditoria", "pk": 35, "fields": {"usuario": 2, "accion": "Inició sesión en el sistema.", "fecha": "2026-05-13T05:13:43.805Z"}}, {"model": "P4_IA_Administracion.logauditoria", "pk": 36, "fields": {"usuario": 2, "accion": "Generó reporte PDF de citas del 2026-05-13 al 2026-05-13.", "fecha": "2026-05-13T05:28:49.332Z"}}, {"model": "P4_IA_Administracion.logauditoria", "pk": 37, "fields": {"usuario": 2, "accion": "Realizó un backup manual de toda la información de la clínica.", "fecha": "2026-05-13T05:35:38.243Z"}}, {"model": "P4_IA_Administracion.logauditoria", "pk": 38, "fields": {"usuario": 2, "accion": "Restauró la base de datos de la clínica desde un archivo externo.", "fecha": "2026-05-13T05:35:49.975Z"}}, {"model": "P4_IA_Administracion.logauditoria", "pk": 39, "fields": {"usuario": 2, "accion": "Generó reporte PDF de citas del 2026-05-13 al 2026-05-13.", "fecha": "2026-05-13T05:36:00.810Z"}}, {"model": "P4_IA_Administracion.logauditoria", "pk": 40, "fields": {"usuario": 2, "accion": "[SISTEMA] Se ha realizado un respaldo automático programado de la base de datos (Nube SaaS).", "fecha": "2026-05-13T05:36:18.731Z"}}, {"model": "P4_IA_Administracion.logauditoria", "pk": 41, "fields": {"usuario": 2, "accion": "Generó reporte PDF de citas del 2026-05-13 al 2026-05-14.", "fecha": "2026-05-13T05:39:24.321Z"}}, {"model": "P4_IA_Administracion.logauditoria", "pk": 42, "fields": {"usuario": 2, "accion": "Generó reporte PDF de finanzas del 2026-05-13 al 2026-05-14.", "fecha": "2026-05-13T05:41:05.589Z"}}, {"model": "P4_IA_Administracion.logauditoria", "pk": 43, "fields": {"usuario": 2, "accion": "Realizó un backup manual de toda la información de la clínica.", "fecha": "2026-05-13T05:42:59.146Z"}}, {"model": "P4_IA_Administracion.logauditoria", "pk": 44, "fields": {"usuario": 2, "accion": "Realizó un backup manual de toda la información de la clínica.", "fecha": "2026-05-13T05:45:44.925Z"}}, {"model": "P4_IA_Administracion.logauditoria", "pk": 45, "fields": {"usuario": 2, "accion": "Realizó un backup manual de toda la información de la clínica.", "fecha": "2026-05-13T05:48:14.623Z"}}, {"model": "P4_IA_Administracion.logauditoria", "pk": 46, "fields": {"usuario": 2, "accion": "Realizó un backup manual de toda la información de la clínica.", "fecha": "2026-05-13T05:51:22.495Z"}}, {"model": "P4_IA_Administracion.logauditoria", "pk": 47, "fields": {"usuario": 2, "accion": "Restauró la base de datos de la clínica desde un archivo externo.", "fecha": "2026-05-13T05:51:33.414Z"}}, {"model": "P4_IA_Administracion.logauditoria", "pk": 48, "fields": {"usuario": 2, "accion": "Generó reporte PDF de citas del 2026-05-13 al 2026-05-13.", "fecha": "2026-05-13T05:51:41.849Z"}}, {"model": "P4_IA_Administracion.logauditoria", "pk": 49, "fields": {"usuario": 2, "accion": "Realizó un backup manual de toda la información de la clínica.", "fecha": "2026-05-13T05:53:07.893Z"}}, {"model": "P4_IA_Administracion.logauditoria", "pk": 50, "fields": {"usuario": 2, "accion": "Restauró la base de datos de la clínica desde un archivo externo.", "fecha": "2026-05-13T05:53:20.278Z"}}, {"model": "P4_IA_Administracion.logauditoria", "pk": 51, "fields": {"usuario": 2, "accion": "Generó reporte PDF de citas del 2026-05-13 al 2026-05-13.", "fecha": "2026-05-13T05:53:22.930Z"}}, {"model": "P4_IA_Administracion.logauditoria", "pk": 52, "fields": {"usuario": 2, "accion": "Realizó un backup manual de toda la información de la clínica.", "fecha": "2026-05-13T05:56:37.605Z"}}, {"model": "P4_IA_Administracion.logauditoria", "pk": 53, "fields": {"usuario": 2, "accion": "Restauró la base de datos de la clínica desde un archivo externo.", "fecha": "2026-05-13T05:56:51.036Z"}}, {"model": "P4_IA_Administracion.logauditoria", "pk": 54, "fields": {"usuario": 2, "accion": "Generó reporte PDF de citas del 2026-05-13 al 2026-05-13.", "fecha": "2026-05-13T05:56:53.771Z"}}, {"model": "P4_IA_Administracion.logauditoria", "pk": 55, "fields": {"usuario": 2, "accion": "Realizó un backup manual de toda la información de la clínica.", "fecha": "2026-05-13T05:57:37.727Z"}}, {"model": "P4_IA_Administracion.logauditoria", "pk": 56, "fields": {"usuario": 2, "accion": "Restauró la base de datos de la clínica desde un archivo externo.", "fecha": "2026-05-13T05:57:49.332Z"}}, {"model": "P4_IA_Administracion.logauditoria", "pk": 57, "fields": {"usuario": 2, "accion": "Generó reporte PDF de citas del 2026-05-13 al 2026-05-14.", "fecha": "2026-05-13T05:57:56.647Z"}}, {"model": "P4_IA_Administracion.logauditoria", "pk": 58, "fields": {"usuario": 2, "accion": "Realizó un backup manual de toda la información de la clínica.", "fecha": "2026-05-13T05:58:55.870Z"}}, {"model": "P4_IA_Administracion.logauditoria", "pk": 59, "fields": {"usuario": 2, "accion": "Generó reporte PDF de citas del 2026-05-13 al 2026-05-13.", "fecha": "2026-05-13T05:59:18.887Z"}}, {"model": "P4_IA_Administracion.logauditoria", "pk": 60, "fields": {"usuario": 2, "accion": "Realizó un backup manual de toda la información de la clínica.", "fecha": "2026-05-13T06:01:34.983Z"}}, {"model": "P4_IA_Administracion.logauditoria", "pk": 61, "fields": {"usuario": 2, "accion": "Restauró la base de datos de la clínica desde un archivo externo.", "fecha": "2026-05-13T06:01:50.150Z"}}, {"model": "P4_IA_Administracion.logauditoria", "pk": 62, "fields": {"usuario": 2, "accion": "Generó reporte PDF de citas del 2026-05-13 al 2026-05-13.", "fecha": "2026-05-13T06:01:59.749Z"}}, {"model": "P4_IA_Administracion.logauditoria", "pk": 63, "fields": {"usuario": 2, "accion": "Inició sesión en el sistema.", "fecha": "2026-05-13T06:11:49.559Z"}}, {"model": "P4_IA_Administracion.logauditoria", "pk": 64, "fields": {"usuario": 2, "accion": "Realizó un backup manual de toda la información de la clínica.", "fecha": "2026-05-13T06:12:01.733Z"}}, {"model": "P4_IA_Administracion.logauditoria", "pk": 65, "fields": {"usuario": 2, "accion": "[EMERGENCIA] Se ha ejecutado una purga total de datos operativos (Simulación de Desastre).", "fecha": "2026-05-13T06:12:16.049Z"}}, {"model": "P4_IA_Administracion.logauditoria", "pk": 66, "fields": {"usuario": 2, "accion": "Restauró la base de datos de la clínica desde un archivo externo.", "fecha": "2026-05-13T06:12:30.574Z"}}, {"model": "P4_IA_Administracion.logauditoria", "pk": 67, "fields": {"usuario": 2, "accion": "Generó reporte PDF de citas del 2026-05-13 al 2026-05-13.", "fecha": "2026-05-13T06:12:33.983Z"}}, {"model": "P4_IA_Administracion.logauditoria", "pk": 68, "fields": {"usuario": 2, "accion": "Generó reporte PDF de citas del 2026-05-13 al 2026-05-13.", "fecha": "2026-05-13T06:12:45.301Z"}}, {"model": "P4_IA_Administracion.logauditoria", "pk": 69, "fields": {"usuario": 4, "accion": "Inició sesión en el sistema.", "fecha": "2026-05-13T06:21:25.326Z"}}, {"model": "P4_IA_Administracion.logauditoria", "pk": 70, "fields": {"usuario": 2, "accion": "Inició sesión en el sistema.", "fecha": "2026-05-13T06:23:08.003Z"}}, {"model": "P4_IA_Administracion.logauditoria", "pk": 71, "fields": {"usuario": 1, "accion": "Inició sesión en el sistema.", "fecha": "2026-05-13T06:28:52.637Z"}}, {"model": "P4_IA_Administracion.logauditoria", "pk": 72, "fields": {"usuario": 1, "accion": "[SISTEMA] Se ha realizado un respaldo automático programado de la base de datos (Nube SaaS).", "fecha": "2026-05-13T06:28:52.994Z"}}, {"model": "P4_IA_Administracion.logauditoria", "pk": 73, "fields": {"usuario": 2, "accion": "Inició sesión en el sistema.", "fecha": "2026-05-13T06:30:17.299Z"}}, {"model": "P4_IA_Administracion.logauditoria", "pk": 74, "fields": {"usuario": 1, "accion": "Inició sesión en el sistema.", "fecha": "2026-05-13T06:30:32.053Z"}}, {"model": "P4_IA_Administracion.logauditoria", "pk": 75, "fields": {"usuario": 4, "accion": "Inició sesión en el sistema.", "fecha": "2026-05-13T06:30:42.389Z"}}, {"model": "P4_IA_Administracion.logauditoria", "pk": 76, "fields": {"usuario": 2, "accion": "Inició sesión en el sistema.", "fecha": "2026-05-13T06:30:56.775Z"}}, {"model": "P4_IA_Administracion.logauditoria", "pk": 77, "fields": {"usuario": 4, "accion": "Inició sesión en el sistema.", "fecha": "2026-05-13T06:31:14.695Z"}}, {"model": "P4_IA_Administracion.logauditoria", "pk": 78, "fields": {"usuario": 2, "accion": "Inició sesión en el sistema.", "fecha": "2026-05-13T07:10:47.536Z"}}, {"model": "P4_IA_Administracion.logauditoria", "pk": 79, "fields": {"usuario": 1, "accion": "Inició sesión en el sistema.", "fecha": "2026-05-13T07:11:00.744Z"}}, {"model": "P4_IA_Administracion.logauditoria", "pk": 80, "fields": {"usuario": 2, "accion": "Inició sesión en el sistema.", "fecha": "2026-05-13T07:13:22.998Z"}}, {"model": "P4_IA_Administracion.logauditoria", "pk": 81, "fields": {"usuario": 1, "accion": "Inició sesión en el sistema.", "fecha": "2026-05-13T07:13:36.014Z"}}, {"model": "P4_IA_Administracion.logauditoria", "pk": 82, "fields": {"usuario": 4, "accion": "Inició sesión en el sistema.", "fecha": "2026-05-13T07:13:46.697Z"}}, {"model": "P4_IA_Administracion.logauditoria", "pk": 83, "fields": {"usuario": 2, "accion": "Inició sesión en el sistema.", "fecha": "2026-05-13T07:13:55.304Z"}}, {"model": "P4_IA_Administracion.logauditoria", "pk": 84, "fields": {"usuario": 7, "accion": "Inició sesión en el sistema.", "fecha": "2026-05-13T07:15:34.048Z"}}, {"model": "P4_IA_Administracion.logauditoria", "pk": 85, "fields": {"usuario": 7, "accion": "[SISTEMA] Se ha realizado un respaldo automático programado de la base de datos (Nube SaaS).", "fecha": "2026-05-13T07:15:34.154Z"}}, {"model": "P4_IA_Administracion.logauditoria", "pk": 86, "fields": {"usuario": 2, "accion": "Inició sesión en el sistema.", "fecha": "2026-05-13T07:15:57.784Z"}}, {"model": "P4_IA_Administracion.logauditoria", "pk": 87, "fields": {"usuario": 2, "accion": "Realizó un backup manual de toda la información de la clínica.", "fecha": "2026-05-13T07:29:03.712Z"}}, {"model": "P4_IA_Administracion.logauditoria", "pk": 88, "fields": {"usuario": 2, "accion": "[EMERGENCIA] Se ha ejecutado una purga total de datos operativos (Simulación de Desastre).", "fecha": "2026-05-13T07:29:19.602Z"}}, {"model": "P4_IA_Administracion.logauditoria", "pk": 89, "fields": {"usuario": 2, "accion": "Restauró la base de datos de la clínica desde un archivo externo.", "fecha": "2026-05-13T07:29:32.710Z"}}, {"model": "P4_IA_Administracion.logauditoria", "pk": 90, "fields": {"usuario": 2, "accion": "Generó reporte PDF de citas del 2026-05-13 al 2026-05-13.", "fecha": "2026-05-13T07:29:36.294Z"}}, {"model": "P4_IA_Administracion.logauditoria", "pk": 91, "fields": {"usuario": 2, "accion": "[EMERGENCIA] Se ha ejecutado una purga total de datos operativos (Simulación de Desastre).", "fecha": "2026-05-13T07:29:48.695Z"}}, {"model": "P4_IA_Administracion.logauditoria", "pk": 92, "fields": {"usuario": 2, "accion": "Generó reporte PDF de citas del 2026-05-13 al 2026-05-13.", "fecha": "2026-05-13T07:29:51.492Z"}}, {"model": "P4_IA_Administracion.logauditoria", "pk": 93, "fields": {"usuario": 2, "accion": "Restauró la base de datos de la clínica desde un archivo externo.", "fecha": "2026-05-13T07:30:21.978Z"}}, {"model": "P4_IA_Administracion.logauditoria", "pk": 94, "fields": {"usuario": 2, "accion": "Generó reporte PDF de finanzas del 2026-05-13 al 2026-05-13.", "fecha": "2026-05-13T07:31:21.444Z"}}, {"model": "P4_IA_Administracion.logauditoria", "pk": 95, "fields": {"usuario": 2, "accion": "Generó reporte PDF de citas del 2026-05-13 al 2026-05-13.", "fecha": "2026-05-13T07:31:30.143Z"}}, {"model": "P4_IA_Administracion.logauditoria", "pk": 96, "fields": {"usuario": 2, "accion": "Inició sesión en el sistema.", "fecha": "2026-05-13T07:33:37.578Z"}}, {"model": "P4_IA_Administracion.logauditoria", "pk": 97, "fields": {"usuario": 2, "accion": "Inició sesión en el sistema.", "fecha": "2026-05-13T07:35:14.268Z"}}, {"model": "P4_IA_Administracion.logauditoria", "pk": 98, "fields": {"usuario": 4, "accion": "Inició sesión en el sistema.", "fecha": "2026-05-13T07:36:20.396Z"}}, {"model": "P4_IA_Administracion.logauditoria", "pk": 99, "fields": {"usuario": 2, "accion": "Inició sesión en el sistema.", "fecha": "2026-05-13T07:37:00.080Z"}}, {"model": "P4_IA_Administracion.logauditoria", "pk": 100, "fields": {"usuario": 2, "accion": "Generó reporte PDF de citas del 2026-05-13 al 2026-05-13.", "fecha": "2026-05-13T07:39:02.491Z"}}, {"model": "P4_IA_Administracion.logauditoria", "pk": 101, "fields": {"usuario": 2, "accion": "Generó reporte PDF de citas del 2026-05-13 al 2026-05-13.", "fecha": "2026-05-13T07:39:17.846Z"}}, {"model": "P4_IA_Administracion.logauditoria", "pk": 102, "fields": {"usuario": 2, "accion": "Realizó un backup manual de toda la información de la clínica.", "fecha": "2026-05-13T07:44:46.467Z"}}, {"model": "P4_IA_Administracion.logauditoria", "pk": 103, "fields": {"usuario": 2, "accion": "[EMERGENCIA] Se ha ejecutado una purga total de datos operativos (Simulación de Desastre).", "fecha": "2026-05-13T07:45:15.883Z"}}, {"model": "P4_IA_Administracion.logauditoria", "pk": 104, "fields": {"usuario": 2, "accion": "Restauró la base de datos de la clínica desde un archivo externo.", "fecha": "2026-05-13T07:45:40.355Z"}}, {"model": "P4_IA_Administracion.logauditoria", "pk": 105, "fields": {"usuario": 2, "accion": "Generó reporte PDF de citas del 2026-05-13 al 2026-05-13.", "fecha": "2026-05-13T07:45:53.702Z"}}, {"model": "P4_IA_Administracion.logauditoria", "pk": 106, "fields": {"usuario": 1, "accion": "Inició sesión en el sistema.", "fecha": "2026-05-13T20:13:55.393Z"}}, {"model": "P4_IA_Administracion.logauditoria", "pk": 107, "fields": {"usuario": 1, "accion": "Realizó un backup manual de toda la información de la clínica.", "fecha": "2026-05-13T20:14:09.124Z"}}, {"model": "P4_IA_Administracion.logauditoria", "pk": 108, "fields": {"usuario": 1, "accion": "Generó reporte PDF de citas del 2026-05-13 al 2026-05-13.", "fecha": "2026-05-13T20:14:28.843Z"}}, {"model": "P4_IA_Administracion.logauditoria", "pk": 109, "fields": {"usuario": 1, "accion": "[EMERGENCIA] Se ha ejecutado una purga total de datos operativos (Simulación de Desastre).", "fecha": "2026-05-13T20:14:34.478Z"}}, {"model": "P4_IA_Administracion.logauditoria", "pk": 110, "fields": {"usuario": 1, "accion": "Restauró la base de datos de la clínica desde un archivo externo.", "fecha": "2026-05-13T20:14:43.306Z"}}, {"model": "P4_IA_Administracion.logauditoria", "pk": 111, "fields": {"usuario": 1, "accion": "[EMERGENCIA] Se ha ejecutado una purga total de datos operativos (Simulación de Desastre).", "fecha": "2026-05-13T20:14:53.944Z"}}, {"model": "P4_IA_Administracion.logauditoria", "pk": 112, "fields": {"usuario": 1, "accion": "Restauró la base de datos de la clínica desde un archivo externo.", "fecha": "2026-05-13T20:15:14.246Z"}}, {"model": "P4_IA_Administracion.logauditoria", "pk": 113, "fields": {"usuario": 1, "accion": "Inició sesión en el sistema.", "fecha": "2026-05-13T20:26:25.660Z"}}, {"model": "P4_IA_Administracion.logauditoria", "pk": 114, "fields": {"usuario": 1, "accion": "Inició sesión en el sistema.", "fecha": "2026-05-13T20:27:12.756Z"}}, {"model": "P4_IA_Administracion.diagnosticoia", "pk": 1, "fields": {"paciente": null, "psicologo": 1, "input_clinico": "Paciente masculino de 28 anios, refiere dificultad para conciliar el suenio desde hace 4 semanas. Presenta preocupacion excesiva por el trabajo y situaciones cotidianas, tension muscular constante, irritabilidad y dificultad para concentrarse. Reporta episodios de taquicardia y sudoracion en reuniones laborales. Niega consumo de sustancias. Antecedentes familiares de trastorno de ansiedad en madre.", "resultado_ia": "Como asistente especializado en psicología clínica, presento el siguiente análisis técnico basado en las notas proporcionadas para apoyar su proceso de evaluación.\n\n### a) Análisis de síntomas identificados\nLos signos y síntomas reportados por el paciente muestran una constelación clínica que **podría ser compatible** con un cuadro de ansiedad. Se identifican los siguientes indicadores:\n*   **Cognitivos:** Preocupación excesiva (expectación ansiosa) por múltiples ámbitos (laboral, cotidiano) y dificultades de concentración.\n*   **Fisiológicos:** Tensión muscular persistente, insomnio de conciliación, taquicardia y sudoración (específicamente en contextos sociales/laborales).\n*   **Afectivos:** Irritabilidad.\n*   **Temporalidad:** Los síntomas han persistido por 4 semanas. Cabe notar que para el diagnóstico de Trastorno de Ansiedad Generalizada (TAG), el DSM-5-TR requiere una duración de 6 meses, mientras que la CIE-11 sugiere varios meses; no obstante, la intensidad actual **sugiere** un malestar clínicamente significativo de inicio agudo.\n*   **Factores de riesgo:** Antecedente heredo-familiar directo de trastornos de ansiedad.\n\n### b) Diagnósticos diferenciales sugeridos\nConsiderando la sintomatología, se sugiere explorar las siguientes posibilidades diagnósticas:\n1.  **Trastorno de Ansiedad Generalizada (F41.1):** Debido a la naturaleza ubicua de las preocupaciones y la tensión muscular.\n2.  **Trastorno de Ansiedad Social (F40.10):** Dado que los síntomas autonómicos (taquicardia, sudoración) se presentan específicamente en reuniones laborales, lo que podría indicar temor a la evaluación negativa.\n3.  **Trastorno de Adaptación con ansiedad (F43.22):** Si se identifica que los síntomas son una respuesta a estresores laborales específicos y recientes.\n4.  **Trastorno de Pánico (F41.0):** Si los episodios de taquicardia se presentan de forma inesperada y no limitados a las reuniones.\n\n### c) Recomendaciones de evaluación adicional\nPara precisar el diagnóstico, se recomienda al profesional de salud mental:\n1.  **Evaluación Clínica Completa:** Realizar una entrevista semiestructurada para determinar el grado de interferencia funcional y la cronología exacta de los síntomas.\n2.  **Herramientas Psicométricas:** Aplicación de escalas validadas como el GAD-7 (Ansiedad Generalizada) y la Escala de Ansiedad Social de Liebowitz (LSAS).\n3.  **Descarte Orgánico:** Sugerir una revisión médica para descartar disfunciones tiroideas o arritmias que pudieran mimetizar los síntomas de ansiedad.\n4.  **Análisis Funcional:** Identificar si existen cogniciones específicas de \"miedo al escrutinio\" en las reuniones de trabajo versus preocupaciones generales por el rendimiento.\n\n**Nota:** Este análisis es una sugerencia basada en la evidencia proporcionada y no constituye un diagnóstico médico o psicológico. La decisión final recae exclusivamente en el profesional a cargo de la evaluación clínica directa.", "probabilidad_acierto": 0.0, "fecha_analisis": "2026-05-11T02:13:08.497Z"}}, {"model": "token_blacklist.outstandingtoken", "pk": 1, "fields": {"user": 1, "jti": "32d1af1074db4e73a1c318cfd8e7973b", "token": "eyJhbGciOiJIUzI1NiIsInR5cCI6IkpXVCJ9.eyJ0b2tlbl90eXBlIjoicmVmcmVzaCIsImV4cCI6MTc3ODU1MTAzMiwiaWF0IjoxNzc4NDY0NjMyLCJqdGkiOiIzMmQxYWYxMDc0ZGI0ZTczYTFjMzE4Y2ZkOGU3OTczYiIsInVzZXJfaWQiOjF9.Mog1iYQfQPiQi2gKfm4AGCxHCe1Uq6tSqLdDeZe0zLw", "created_at": "2026-05-11T01:57:12.906Z", "expires_at": "2026-05-12T01:57:12Z"}}, {"model": "token_blacklist.outstandingtoken", "pk": 2, "fields": {"user": 1, "jti": "4abbf506f7ed4451b2cf5f74141f229d", "token": "eyJhbGciOiJIUzI1NiIsInR5cCI6IkpXVCJ9.eyJ0b2tlbl90eXBlIjoicmVmcmVzaCIsImV4cCI6MTc3ODU1MTA0OSwiaWF0IjoxNzc4NDY0NjQ5LCJqdGkiOiI0YWJiZjUwNmY3ZWQ0NDUxYjJjZjVmNzQxNDFmMjI5ZCIsInVzZXJfaWQiOjF9.S1PsZmd6QJW5wclq9L4zYR7vWiQjWhai8Wxqz_0nZ9w", "created_at": "2026-05-11T01:57:29.900Z", "expires_at": "2026-05-12T01:57:29Z"}}, {"model": "token_blacklist.outstandingtoken", "pk": 3, "fields": {"user": 1, "jti": "11744aeb2e11401596cf3953303cc50d", "token": "eyJhbGciOiJIUzI1NiIsInR5cCI6IkpXVCJ9.eyJ0b2tlbl90eXBlIjoicmVmcmVzaCIsImV4cCI6MTc3ODU1MTA2MywiaWF0IjoxNzc4NDY0NjYzLCJqdGkiOiIxMTc0NGFlYjJlMTE0MDE1OTZjZjM5NTMzMDNjYzUwZCIsInVzZXJfaWQiOjF9.zUQrm-m6kj5OvvA76VDUj_LqXNi-hroVW8Pi5xd_-_0", "created_at": "2026-05-11T01:57:43.653Z", "expires_at": "2026-05-12T01:57:43Z"}}, {"model": "token_blacklist.outstandingtoken", "pk": 4, "fields": {"user": 1, "jti": "0c966673142843748fb2dc931050a42d", "token": "eyJhbGciOiJIUzI1NiIsInR5cCI6IkpXVCJ9.eyJ0b2tlbl90eXBlIjoicmVmcmVzaCIsImV4cCI6MTc3ODU1MTA3NiwiaWF0IjoxNzc4NDY0Njc2LCJqdGkiOiIwYzk2NjY3MzE0Mjg0Mzc0OGZiMmRjOTMxMDUwYTQyZCIsInVzZXJfaWQiOjF9.zIs5F-ihV3BQpwSjlxBMqunn_ZWpJdDH7YLigYLukyo", "created_at": "2026-05-11T01:57:56.058Z", "expires_at": "2026-05-12T01:57:56Z"}}, {"model": "token_blacklist.outstandingtoken", "pk": 5, "fields": {"user": 1, "jti": "2938dbf48f04476a8596f5e9093b57a2", "token": "eyJhbGciOiJIUzI1NiIsInR5cCI6IkpXVCJ9.eyJ0b2tlbl90eXBlIjoicmVmcmVzaCIsImV4cCI6MTc3ODU1MTEwOCwiaWF0IjoxNzc4NDY0NzA4LCJqdGkiOiIyOTM4ZGJmNDhmMDQ0NzZhODU5NmY1ZTkwOTNiNTdhMiIsInVzZXJfaWQiOjF9.R4C_KAjThR_DPsZbl6for3RqCCvPeadEoRGNcE1pF1A", "created_at": "2026-05-11T01:58:28.370Z", "expires_at": "2026-05-12T01:58:28Z"}}, {"model": "token_blacklist.outstandingtoken", "pk": 6, "fields": {"user": 1, "jti": "a6302a8b6a5442caa334e313baf1f797", "token": "eyJhbGciOiJIUzI1NiIsInR5cCI6IkpXVCJ9.eyJ0b2tlbl90eXBlIjoicmVmcmVzaCIsImV4cCI6MTc3ODU1MTQwNywiaWF0IjoxNzc4NDY1MDA3LCJqdGkiOiJhNjMwMmE4YjZhNTQ0MmNhYTMzNGUzMTNiYWYxZjc5NyIsInVzZXJfaWQiOjF9.KMPiY6SMetqpxkH3nfv80C3dUQWvEFb8oXGW_mXMN_A", "created_at": "2026-05-11T02:03:27.899Z", "expires_at": "2026-05-12T02:03:27Z"}}, {"model": "token_blacklist.outstandingtoken", "pk": 7, "fields": {"user": 1, "jti": "86f60b6c4ac44956aa89b5e25f68145d", "token": "eyJhbGciOiJIUzI1NiIsInR5cCI6IkpXVCJ9.eyJ0b2tlbl90eXBlIjoicmVmcmVzaCIsImV4cCI6MTc3ODU1MTQ3MSwiaWF0IjoxNzc4NDY1MDcxLCJqdGkiOiI4NmY2MGI2YzRhYzQ0OTU2YWE4OWI1ZTI1ZjY4MTQ1ZCIsInVzZXJfaWQiOjF9.3DmbSCK2CqA-BJGt2nIX4P8lS0veIlcgVDsDgM1Bl9I", "created_at": "2026-05-11T02:04:31.739Z", "expires_at": "2026-05-12T02:04:31Z"}}, {"model": "token_blacklist.outstandingtoken", "pk": 8, "fields": {"user": 1, "jti": "01749d1485604163a43bdda128f68dca", "token": "eyJhbGciOiJIUzI1NiIsInR5cCI6IkpXVCJ9.eyJ0b2tlbl90eXBlIjoicmVmcmVzaCIsImV4cCI6MTc3ODU1MTUzMywiaWF0IjoxNzc4NDY1MTMzLCJqdGkiOiIwMTc0OWQxNDg1NjA0MTYzYTQzYmRkYTEyOGY2OGRjYSIsInVzZXJfaWQiOjF9.dWQKKkmBzLPF9_Fi0ag_fndD62s03Be0mWs36Xy9-4k", "created_at": "2026-05-11T02:05:33.912Z", "expires_at": "2026-05-12T02:05:33Z"}}, {"model": "token_blacklist.outstandingtoken", "pk": 9, "fields": {"user": 1, "jti": "0223f28ce03e485089dc074a3fd8d07f", "token": "eyJhbGciOiJIUzI1NiIsInR5cCI6IkpXVCJ9.eyJ0b2tlbl90eXBlIjoicmVmcmVzaCIsImV4cCI6MTc3ODU1MTU3NywiaWF0IjoxNzc4NDY1MTc3LCJqdGkiOiIwMjIzZjI4Y2UwM2U0ODUwODlkYzA3NGEzZmQ4ZDA3ZiIsInVzZXJfaWQiOjF9.yO55xoEkVAVlw7nQI2ck3xWc9yNzUmi3DnEuHJ_jF1Q", "created_at": "2026-05-11T02:06:17.444Z", "expires_at": "2026-05-12T02:06:17Z"}}, {"model": "token_blacklist.outstandingtoken", "pk": 10, "fields": {"user": 1, "jti": "6ea590a431a9466cb5f895aa32a4f7e0", "token": "eyJhbGciOiJIUzI1NiIsInR5cCI6IkpXVCJ9.eyJ0b2tlbl90eXBlIjoicmVmcmVzaCIsImV4cCI6MTc3ODU1MTYzNSwiaWF0IjoxNzc4NDY1MjM1LCJqdGkiOiI2ZWE1OTBhNDMxYTk0NjZjYjVmODk1YWEzMmE0ZjdlMCIsInVzZXJfaWQiOjF9.nZrRItHALqmyq8okKVdmFpiV4X6Gsel7QHHRCoU_90o", "created_at": "2026-05-11T02:07:15.145Z", "expires_at": "2026-05-12T02:07:15Z"}}, {"model": "token_blacklist.outstandingtoken", "pk": 11, "fields": {"user": 1, "jti": "8be3bf5f0c6841dabead3063f0cd337f", "token": "eyJhbGciOiJIUzI1NiIsInR5cCI6IkpXVCJ9.eyJ0b2tlbl90eXBlIjoicmVmcmVzaCIsImV4cCI6MTc3ODU1MTY4MSwiaWF0IjoxNzc4NDY1MjgxLCJqdGkiOiI4YmUzYmY1ZjBjNjg0MWRhYmVhZDMwNjNmMGNkMzM3ZiIsInVzZXJfaWQiOjF9.jXFi_DacNlgID3w8H60aQwyVYpnEA26y4Efc_CRVvXs", "created_at": "2026-05-11T02:08:01.289Z", "expires_at": "2026-05-12T02:08:01Z"}}, {"model": "token_blacklist.outstandingtoken", "pk": 12, "fields": {"user": 1, "jti": "0c76f82dc95346ff8e1212f4d7932285", "token": "eyJhbGciOiJIUzI1NiIsInR5cCI6IkpXVCJ9.eyJ0b2tlbl90eXBlIjoicmVmcmVzaCIsImV4cCI6MTc3ODU1MTY5NiwiaWF0IjoxNzc4NDY1Mjk2LCJqdGkiOiIwYzc2ZjgyZGM5NTM0NmZmOGUxMjEyZjRkNzkzMjI4NSIsInVzZXJfaWQiOjF9.i3BU4saeFwSKL8G8N3xu3gX5pjqmJLPTEaUNRWyXXHo", "created_at": "2026-05-11T02:08:16.524Z", "expires_at": "2026-05-12T02:08:16Z"}}, {"model": "token_blacklist.outstandingtoken", "pk": 13, "fields": {"user": 1, "jti": "590685014f1f4863add8b4b14dc4f2d6", "token": "eyJhbGciOiJIUzI1NiIsInR5cCI6IkpXVCJ9.eyJ0b2tlbl90eXBlIjoicmVmcmVzaCIsImV4cCI6MTc3ODU1MTcxMywiaWF0IjoxNzc4NDY1MzEzLCJqdGkiOiI1OTA2ODUwMTRmMWY0ODYzYWRkOGI0YjE0ZGM0ZjJkNiIsInVzZXJfaWQiOjF9.PxngRPUVACq_xz7iEDT71GLLsZo_lhZ35Lzw_VccC58", "created_at": "2026-05-11T02:08:33.895Z", "expires_at": "2026-05-12T02:08:33Z"}}, {"model": "token_blacklist.outstandingtoken", "pk": 14, "fields": {"user": 1, "jti": "34e7bab7692640c5860b46aaaa710d04", "token": "eyJhbGciOiJIUzI1NiIsInR5cCI6IkpXVCJ9.eyJ0b2tlbl90eXBlIjoicmVmcmVzaCIsImV4cCI6MTc3ODU1MTcyMywiaWF0IjoxNzc4NDY1MzIzLCJqdGkiOiIzNGU3YmFiNzY5MjY0MGM1ODYwYjQ2YWFhYTcxMGQwNCIsInVzZXJfaWQiOjF9.ulpf_cMva8ekEsKMoFsiRr99DOcZM0rPcXiedZ_X5X4", "created_at": "2026-05-11T02:08:43.970Z", "expires_at": "2026-05-12T02:08:43Z"}}, {"model": "token_blacklist.outstandingtoken", "pk": 15, "fields": {"user": 1, "jti": "4e360dad86604fa9a330d703c52448f2", "token": "eyJhbGciOiJIUzI1NiIsInR5cCI6IkpXVCJ9.eyJ0b2tlbl90eXBlIjoicmVmcmVzaCIsImV4cCI6MTc3ODU1MTc0OCwiaWF0IjoxNzc4NDY1MzQ4LCJqdGkiOiI0ZTM2MGRhZDg2NjA0ZmE5YTMzMGQ3MDNjNTI0NDhmMiIsInVzZXJfaWQiOjF9.wWEd8-IDwvay5fw43kYOE6lgRcr5XBM6x5WAK389H2I", "created_at": "2026-05-11T02:09:08.300Z", "expires_at": "2026-05-12T02:09:08Z"}}, {"model": "token_blacklist.outstandingtoken", "pk": 16, "fields": {"user": 1, "jti": "16d8084db2b94bb4817f9b175da8db81", "token": "eyJhbGciOiJIUzI1NiIsInR5cCI6IkpXVCJ9.eyJ0b2tlbl90eXBlIjoicmVmcmVzaCIsImV4cCI6MTc3ODU1MTc2OSwiaWF0IjoxNzc4NDY1MzY5LCJqdGkiOiIxNmQ4MDg0ZGIyYjk0YmI0ODE3ZjliMTc1ZGE4ZGI4MSIsInVzZXJfaWQiOjF9.VUyY5cyE4M2t6dTb2v-HKPT8pjWdNbHGtK8YBzMfA9k", "created_at": "2026-05-11T02:09:29.733Z", "expires_at": "2026-05-12T02:09:29Z"}}, {"model": "token_blacklist.outstandingtoken", "pk": 17, "fields": {"user": 1, "jti": "c50eea9b216f45f998552bc0abeb181c", "token": "eyJhbGciOiJIUzI1NiIsInR5cCI6IkpXVCJ9.eyJ0b2tlbl90eXBlIjoicmVmcmVzaCIsImV4cCI6MTc3ODU1MTc4NywiaWF0IjoxNzc4NDY1Mzg3LCJqdGkiOiJjNTBlZWE5YjIxNmY0NWY5OTg1NTJiYzBhYmViMTgxYyIsInVzZXJfaWQiOjF9.vDa2gLrp4XrFbDcE4X2ZQ8aVTAM-UhaoWfKVBQDbDoA", "created_at": "2026-05-11T02:09:47.254Z", "expires_at": "2026-05-12T02:09:47Z"}}, {"model": "token_blacklist.outstandingtoken", "pk": 18, "fields": {"user": 1, "jti": "8a4158233765498c892721bcbb38a35a", "token": "eyJhbGciOiJIUzI1NiIsInR5cCI6IkpXVCJ9.eyJ0b2tlbl90eXBlIjoicmVmcmVzaCIsImV4cCI6MTc3ODU1MTgxMSwiaWF0IjoxNzc4NDY1NDExLCJqdGkiOiI4YTQxNTgyMzM3NjU0OThjODkyNzIxYmNiYjM4YTM1YSIsInVzZXJfaWQiOjF9.zIGR60h7S8hnbeQN0H8PCNT4D9cgdSlfhOGjPHL5wJU", "created_at": "2026-05-11T02:10:11.877Z", "expires_at": "2026-05-12T02:10:11Z"}}, {"model": "token_blacklist.outstandingtoken", "pk": 19, "fields": {"user": 1, "jti": "4c92d11d38814d5497e7c3391fdc08d9", "token": "eyJhbGciOiJIUzI1NiIsInR5cCI6IkpXVCJ9.eyJ0b2tlbl90eXBlIjoicmVmcmVzaCIsImV4cCI6MTc3ODU1MTg0OSwiaWF0IjoxNzc4NDY1NDQ5LCJqdGkiOiI0YzkyZDExZDM4ODE0ZDU0OTdlN2MzMzkxZmRjMDhkOSIsInVzZXJfaWQiOjF9.dDBsm9wtciAvYy9PwEYFRpJI5dUH-oDXIfTaXlK1_pg", "created_at": "2026-05-11T02:10:49.564Z", "expires_at": "2026-05-12T02:10:49Z"}}, {"model": "token_blacklist.outstandingtoken", "pk": 20, "fields": {"user": 1, "jti": "f447ba395aec46ed8073d72131be28e0", "token": "eyJhbGciOiJIUzI1NiIsInR5cCI6IkpXVCJ9.eyJ0b2tlbl90eXBlIjoicmVmcmVzaCIsImV4cCI6MTc3ODU1MTg4OSwiaWF0IjoxNzc4NDY1NDg5LCJqdGkiOiJmNDQ3YmEzOTVhZWM0NmVkODA3M2Q3MjEzMWJlMjhlMCIsInVzZXJfaWQiOjF9.bWj_kWf6moaZnXZzMdfPZ_ZdPrWOuAl0pQtJ7uxVBHc", "created_at": "2026-05-11T02:11:29.664Z", "expires_at": "2026-05-12T02:11:29Z"}}, {"model": "token_blacklist.outstandingtoken", "pk": 21, "fields": {"user": 1, "jti": "10d9911c121f4ef4b1bd48edfa62cd87", "token": "eyJhbGciOiJIUzI1NiIsInR5cCI6IkpXVCJ9.eyJ0b2tlbl90eXBlIjoicmVmcmVzaCIsImV4cCI6MTc3ODU1MTk0MywiaWF0IjoxNzc4NDY1NTQzLCJqdGkiOiIxMGQ5OTExYzEyMWY0ZWY0YjFiZDQ4ZWRmYTYyY2Q4NyIsInVzZXJfaWQiOjF9.sjfFgKuAzv8SIeZ0LDQZLXLDQX1ETgggdtWxu2mhHlQ", "created_at": "2026-05-11T02:12:23.062Z", "expires_at": "2026-05-12T02:12:23Z"}}, {"model": "token_blacklist.outstandingtoken", "pk": 22, "fields": {"user": 1, "jti": "262c8a00eb494e88b31e7ddd2fa5b9e5", "token": "eyJhbGciOiJIUzI1NiIsInR5cCI6IkpXVCJ9.eyJ0b2tlbl90eXBlIjoicmVmcmVzaCIsImV4cCI6MTc3ODU1MTk3NSwiaWF0IjoxNzc4NDY1NTc1LCJqdGkiOiIyNjJjOGEwMGViNDk0ZTg4YjMxZTdkZGQyZmE1YjllNSIsInVzZXJfaWQiOjF9.aMln6XkImab9LFqVxi0m4EyUVYbOdAaKLVBEWg1cU-A", "created_at": "2026-05-11T02:12:55.285Z", "expires_at": "2026-05-12T02:12:55Z"}}, {"model": "token_blacklist.outstandingtoken", "pk": 23, "fields": {"user": 2, "jti": "9ede608b86b041d6bba1bb27fbf28cdd", "token": "eyJhbGciOiJIUzI1NiIsInR5cCI6IkpXVCJ9.eyJ0b2tlbl90eXBlIjoicmVmcmVzaCIsImV4cCI6MTc3ODU1MjcwMSwiaWF0IjoxNzc4NDY2MzAxLCJqdGkiOiI5ZWRlNjA4Yjg2YjA0MWQ2YmJhMWJiMjdmYmYyOGNkZCIsInVzZXJfaWQiOjJ9.Wdre527pkFuE9pO1vzT37qak7boNwHFdocruPGvqeRE", "created_at": "2026-05-11T02:25:01.039Z", "expires_at": "2026-05-12T02:25:01Z"}}, {"model": "token_blacklist.outstandingtoken", "pk": 24, "fields": {"user": 1, "jti": "4b9540df64714e9c9b77e1c09a8d44c5", "token": "eyJhbGciOiJIUzI1NiIsInR5cCI6IkpXVCJ9.eyJ0b2tlbl90eXBlIjoicmVmcmVzaCIsImV4cCI6MTc3ODU1MzE0OSwiaWF0IjoxNzc4NDY2NzQ5LCJqdGkiOiI0Yjk1NDBkZjY0NzE0ZTljOWI3N2UxYzA5YThkNDRjNSIsInVzZXJfaWQiOjF9.fsaElZk_Q46CR0-xmZUdSK9fi8rctyuLL2JwLAR-VAw", "created_at": "2026-05-11T02:32:29.153Z", "expires_at": "2026-05-12T02:32:29Z"}}, {"model": "token_blacklist.outstandingtoken", "pk": 25, "fields": {"user": 1, "jti": "622896b3f30d49e4bbaa4629232b9855", "token": "eyJhbGciOiJIUzI1NiIsInR5cCI6IkpXVCJ9.eyJ0b2tlbl90eXBlIjoicmVmcmVzaCIsImV4cCI6MTc3ODY0OTMzMywiaWF0IjoxNzc4NTYyOTMzLCJqdGkiOiI2MjI4OTZiM2YzMGQ0OWU0YmJhYTQ2MjkyMzJiOTg1NSIsInVzZXJfaWQiOjF9.8Rk1XKgoejlnaubvUrk7Lo7rhImu7QQdbGKut7RT16o", "created_at": "2026-05-12T05:15:33.170Z", "expires_at": "2026-05-13T05:15:33Z"}}, {"model": "token_blacklist.outstandingtoken", "pk": 26, "fields": {"user": 1, "jti": "1bf8716e1a07423e9847476dba696428", "token": "eyJhbGciOiJIUzI1NiIsInR5cCI6IkpXVCJ9.eyJ0b2tlbl90eXBlIjoicmVmcmVzaCIsImV4cCI6MTc3ODY0OTYxMywiaWF0IjoxNzc4NTYzMjEzLCJqdGkiOiIxYmY4NzE2ZTFhMDc0MjNlOTg0NzQ3NmRiYTY5NjQyOCIsInVzZXJfaWQiOjF9.ieqN-_tD8hqfRAmH-phtEuWT4izegpDlGSrTZZJ0O2o", "created_at": "2026-05-12T05:20:13.824Z", "expires_at": "2026-05-13T05:20:13Z"}}, {"model": "token_blacklist.outstandingtoken", "pk": 27, "fields": {"user": 4, "jti": "eb09b9f8265344a9979fc67261df4c8d", "token": "eyJhbGciOiJIUzI1NiIsInR5cCI6IkpXVCJ9.eyJ0b2tlbl90eXBlIjoicmVmcmVzaCIsImV4cCI6MTc3ODY1MzI0MywiaWF0IjoxNzc4NTY2ODQzLCJqdGkiOiJlYjA5YjlmODI2NTM0NGE5OTc5ZmM2NzI2MWRmNGM4ZCIsInVzZXJfaWQiOjR9.rzy4BtqJcDaNh9kCHzq66K-_RSyoiSvhf9JUm-h2wYk", "created_at": "2026-05-12T06:20:43.187Z", "expires_at": "2026-05-13T06:20:43Z"}}, {"model": "token_blacklist.outstandingtoken", "pk": 28, "fields": {"user": 2, "jti": "70c6e7de1292494da218ee2bfdd4fa0e", "token": "eyJhbGciOiJIUzI1NiIsInR5cCI6IkpXVCJ9.eyJ0b2tlbl90eXBlIjoicmVmcmVzaCIsImV4cCI6MTc3ODY1MzQxOCwiaWF0IjoxNzc4NTY3MDE4LCJqdGkiOiI3MGM2ZTdkZTEyOTI0OTRkYTIxOGVlMmJmZGQ0ZmEwZSIsInVzZXJfaWQiOjJ9.0AHaaQDoyWDnXs6PymzI_0k-ePonfTsB-TrcmsoCoFQ", "created_at": "2026-05-12T06:23:38.921Z", "expires_at": "2026-05-13T06:23:38Z"}}, {"model": "token_blacklist.outstandingtoken", "pk": 29, "fields": {"user": 4, "jti": "a0c55d95ece343d5ae0ddf597379dc33", "token": "eyJhbGciOiJIUzI1NiIsInR5cCI6IkpXVCJ9.eyJ0b2tlbl90eXBlIjoicmVmcmVzaCIsImV4cCI6MTc3ODY1MzU0NiwiaWF0IjoxNzc4NTY3MTQ2LCJqdGkiOiJhMGM1NWQ5NWVjZTM0M2Q1YWUwZGRmNTk3Mzc5ZGMzMyIsInVzZXJfaWQiOjR9.cyuE8SaMxaol8AA4YDRF2_If0FnG_tDyF75TVBsyXnU", "created_at": "2026-05-12T06:25:46.772Z", "expires_at": "2026-05-13T06:25:46Z"}}, {"model": "token_blacklist.outstandingtoken", "pk": 30, "fields": {"user": 2, "jti": "1d2a1c047e1444588703034638d94cd9", "token": "eyJhbGciOiJIUzI1NiIsInR5cCI6IkpXVCJ9.eyJ0b2tlbl90eXBlIjoicmVmcmVzaCIsImV4cCI6MTc3ODczMjY1MiwiaWF0IjoxNzc4NjQ2MjUyLCJqdGkiOiIxZDJhMWMwNDdlMTQ0NDU4ODcwMzAzNDYzOGQ5NGNkOSIsInVzZXJfaWQiOjJ9.hPJf4ogJ_G3Le44b-DOsq7zK518cWaxOgE15RE8n_aQ", "created_at": "2026-05-13T04:24:12.277Z", "expires_at": "2026-05-14T04:24:12Z"}}, {"model": "token_blacklist.outstandingtoken", "pk": 31, "fields": {"user": 4, "jti": "25b89a4a8f8e4d5eb903932172150f2b", "token": "eyJhbGciOiJIUzI1NiIsInR5cCI6IkpXVCJ9.eyJ0b2tlbl90eXBlIjoicmVmcmVzaCIsImV4cCI6MTc3ODczNTU0NCwiaWF0IjoxNzc4NjQ5MTQ0LCJqdGkiOiIyNWI4OWE0YThmOGU0ZDVlYjkwMzkzMjE3MjE1MGYyYiIsInVzZXJfaWQiOjR9.foZKiDicgSZHrIsy4F2C_ne_c7QxU2-fczzNEZSANeE", "created_at": "2026-05-13T05:12:24.049Z", "expires_at": "2026-05-14T05:12:24Z"}}, {"model": "token_blacklist.outstandingtoken", "pk": 32, "fields": {"user": 2, "jti": "6f2ec97664c94088aa986a5f4c2e8ee1", "token": "eyJhbGciOiJIUzI1NiIsInR5cCI6IkpXVCJ9.eyJ0b2tlbl90eXBlIjoicmVmcmVzaCIsImV4cCI6MTc3ODczNTYyMywiaWF0IjoxNzc4NjQ5MjIzLCJqdGkiOiI2ZjJlYzk3NjY0Yzk0MDg4YWE5ODZhNWY0YzJlOGVlMSIsInVzZXJfaWQiOjJ9.f5u8PIjeQUoqW0nlIOC2ZzcSZ7QwuhYqZajU0fTmWUw", "created_at": "2026-05-13T05:13:43.784Z", "expires_at": "2026-05-14T05:13:43Z"}}, {"model": "token_blacklist.outstandingtoken", "pk": 33, "fields": {"user": 2, "jti": "9a62a3114e6649bc97fb71eb171164dc", "token": "eyJhbGciOiJIUzI1NiIsInR5cCI6IkpXVCJ9.eyJ0b2tlbl90eXBlIjoicmVmcmVzaCIsImV4cCI6MTc3ODczOTEwOSwiaWF0IjoxNzc4NjUyNzA5LCJqdGkiOiI5YTYyYTMxMTRlNjY0OWJjOTdmYjcxZWIxNzExNjRkYyIsInVzZXJfaWQiOjJ9.-x-6N87LHAtBj46aDtVR14AP3a0e2m48xzQuS4ksOn4", "created_at": "2026-05-13T06:11:49.393Z", "expires_at": "2026-05-14T06:11:49Z"}}, {"model": "token_blacklist.outstandingtoken", "pk": 34, "fields": {"user": 4, "jti": "2e8e56e904dc4b268584e296eb05cb1c", "token": "eyJhbGciOiJIUzI1NiIsInR5cCI6IkpXVCJ9.eyJ0b2tlbl90eXBlIjoicmVmcmVzaCIsImV4cCI6MTc3ODczOTY4NSwiaWF0IjoxNzc4NjUzMjg1LCJqdGkiOiIyZThlNTZlOTA0ZGM0YjI2ODU4NGUyOTZlYjA1Y2IxYyIsInVzZXJfaWQiOjR9.BIg0Fl0qjJ37mknkg6IzhbG-N-XLhfStymbEnDF2Vpk", "created_at": "2026-05-13T06:21:25.306Z", "expires_at": "2026-05-14T06:21:25Z"}}, {"model": "token_blacklist.outstandingtoken", "pk": 35, "fields": {"user": 2, "jti": "cd22d45d098747e08b1aecba7bd2be84", "token": "eyJhbGciOiJIUzI1NiIsInR5cCI6IkpXVCJ9.eyJ0b2tlbl90eXBlIjoicmVmcmVzaCIsImV4cCI6MTc3ODczOTc4NywiaWF0IjoxNzc4NjUzMzg3LCJqdGkiOiJjZDIyZDQ1ZDA5ODc0N2UwOGIxYWVjYmE3YmQyYmU4NCIsInVzZXJfaWQiOjJ9.gBwaHObsEvVhPF8yyY3xlPA8wx7_ili0q70SjAQZ97o", "created_at": "2026-05-13T06:23:07.986Z", "expires_at": "2026-05-14T06:23:07Z"}}, {"model": "token_blacklist.outstandingtoken", "pk": 36, "fields": {"user": 1, "jti": "3715800c3b28423fb1e027b99a6ee931", "token": "eyJhbGciOiJIUzI1NiIsInR5cCI6IkpXVCJ9.eyJ0b2tlbl90eXBlIjoicmVmcmVzaCIsImV4cCI6MTc3ODc0MDEzMiwiaWF0IjoxNzc4NjUzNzMyLCJqdGkiOiIzNzE1ODAwYzNiMjg0MjNmYjFlMDI3Yjk5YTZlZTkzMSIsInVzZXJfaWQiOjF9.5-DmeSRf3LkGo30CyzuJQeoPNeXXf8QMZxV9Re4wALM", "created_at": "2026-05-13T06:28:52.610Z", "expires_at": "2026-05-14T06:28:52Z"}}, {"model": "token_blacklist.outstandingtoken", "pk": 37, "fields": {"user": 2, "jti": "cc67f6e6c28e4d7786f404bc9ccbe27f", "token": "eyJhbGciOiJIUzI1NiIsInR5cCI6IkpXVCJ9.eyJ0b2tlbl90eXBlIjoicmVmcmVzaCIsImV4cCI6MTc3ODc0MDIxNywiaWF0IjoxNzc4NjUzODE3LCJqdGkiOiJjYzY3ZjZlNmMyOGU0ZDc3ODZmNDA0YmM5Y2NiZTI3ZiIsInVzZXJfaWQiOjJ9.50RsiazTg8Wa--2AhtnZ5oUYsB5wUC1fyi9Cx8N4P40", "created_at": "2026-05-13T06:30:17.282Z", "expires_at": "2026-05-14T06:30:17Z"}}, {"model": "token_blacklist.outstandingtoken", "pk": 38, "fields": {"user": 1, "jti": "783d63daa32f4f81a8b11624bf1df1aa", "token": "eyJhbGciOiJIUzI1NiIsInR5cCI6IkpXVCJ9.eyJ0b2tlbl90eXBlIjoicmVmcmVzaCIsImV4cCI6MTc3ODc0MDIzMiwiaWF0IjoxNzc4NjUzODMyLCJqdGkiOiI3ODNkNjNkYWEzMmY0ZjgxYThiMTE2MjRiZjFkZjFhYSIsInVzZXJfaWQiOjF9.xhpZmiyrLfpzAdOE_KaC8c4zz8sVyCbD2RWHZiuY5Cg", "created_at": "2026-05-13T06:30:32.043Z", "expires_at": "2026-05-14T06:30:32Z"}}, {"model": "token_blacklist.outstandingtoken", "pk": 39, "fields": {"user": 4, "jti": "6658f3736c83459b82016da8cc68fe92", "token": "eyJhbGciOiJIUzI1NiIsInR5cCI6IkpXVCJ9.eyJ0b2tlbl90eXBlIjoicmVmcmVzaCIsImV4cCI6MTc3ODc0MDI0MiwiaWF0IjoxNzc4NjUzODQyLCJqdGkiOiI2NjU4ZjM3MzZjODM0NTliODIwMTZkYThjYzY4ZmU5MiIsInVzZXJfaWQiOjR9.2DsAg07u7izg9w6JSPgilO8m7I900cHB4sMZlT_KcrI", "created_at": "2026-05-13T06:30:42.375Z", "expires_at": "2026-05-14T06:30:42Z"}}, {"model": "token_blacklist.outstandingtoken", "pk": 40, "fields": {"user": 2, "jti": "67f5f23cea6549cf86004d6507eafb60", "token": "eyJhbGciOiJIUzI1NiIsInR5cCI6IkpXVCJ9.eyJ0b2tlbl90eXBlIjoicmVmcmVzaCIsImV4cCI6MTc3ODc0MDI1NiwiaWF0IjoxNzc4NjUzODU2LCJqdGkiOiI2N2Y1ZjIzY2VhNjU0OWNmODYwMDRkNjUwN2VhZmI2MCIsInVzZXJfaWQiOjJ9.LuuqEdwI-zuS6yGCLWvuKMgMcWdsH_f1VJLEHSsnB3I", "created_at": "2026-05-13T06:30:56.759Z", "expires_at": "2026-05-14T06:30:56Z"}}, {"model": "token_blacklist.outstandingtoken", "pk": 41, "fields": {"user": 4, "jti": "39baab03be3844f4939451c9b6062f59", "token": "eyJhbGciOiJIUzI1NiIsInR5cCI6IkpXVCJ9.eyJ0b2tlbl90eXBlIjoicmVmcmVzaCIsImV4cCI6MTc3ODc0MDI3NCwiaWF0IjoxNzc4NjUzODc0LCJqdGkiOiIzOWJhYWIwM2JlMzg0NGY0OTM5NDUxYzliNjA2MmY1OSIsInVzZXJfaWQiOjR9.bI3BUvaKLOhXP2_fIM2-uCY_XofX7ixgJUZ0IohfUT8", "created_at": "2026-05-13T06:31:14.664Z", "expires_at": "2026-05-14T06:31:14Z"}}, {"model": "token_blacklist.outstandingtoken", "pk": 42, "fields": {"user": 2, "jti": "f73bc8a9b4684d12a0797e6993a3a64d", "token": "eyJhbGciOiJIUzI1NiIsInR5cCI6IkpXVCJ9.eyJ0b2tlbl90eXBlIjoicmVmcmVzaCIsImV4cCI6MTc3ODc0MjY0NywiaWF0IjoxNzc4NjU2MjQ3LCJqdGkiOiJmNzNiYzhhOWI0Njg0ZDEyYTA3OTdlNjk5M2EzYTY0ZCIsInVzZXJfaWQiOjJ9.K9vo2pAFAAFHWpMXlD66opv51xwixeMf7CiZRP4s9BE", "created_at": "2026-05-13T07:10:47.515Z", "expires_at": "2026-05-14T07:10:47Z"}}, {"model": "token_blacklist.outstandingtoken", "pk": 43, "fields": {"user": 1, "jti": "214cdf52af46453ba897d6fab1929781", "token": "eyJhbGciOiJIUzI1NiIsInR5cCI6IkpXVCJ9.eyJ0b2tlbl90eXBlIjoicmVmcmVzaCIsImV4cCI6MTc3ODc0MjY2MCwiaWF0IjoxNzc4NjU2MjYwLCJqdGkiOiIyMTRjZGY1MmFmNDY0NTNiYTg5N2Q2ZmFiMTkyOTc4MSIsInVzZXJfaWQiOjF9.6B2hhxpxYKfuphyRRvnOFR1wD7VmSdtpGUhSqaRXNyc", "created_at": "2026-05-13T07:11:00.729Z", "expires_at": "2026-05-14T07:11:00Z"}}, {"model": "token_blacklist.outstandingtoken", "pk": 44, "fields": {"user": 2, "jti": "c42f64719a694144a2ddbe004007630e", "token": "eyJhbGciOiJIUzI1NiIsInR5cCI6IkpXVCJ9.eyJ0b2tlbl90eXBlIjoicmVmcmVzaCIsImV4cCI6MTc3ODc0MjgwMiwiaWF0IjoxNzc4NjU2NDAyLCJqdGkiOiJjNDJmNjQ3MTlhNjk0MTQ0YTJkZGJlMDA0MDA3NjMwZSIsInVzZXJfaWQiOjJ9.gIjs4BldxgWLXPDR2Fxdqbj07uhZTQqE3ICSsPmbzZU", "created_at": "2026-05-13T07:13:22.974Z", "expires_at": "2026-05-14T07:13:22Z"}}, {"model": "token_blacklist.outstandingtoken", "pk": 45, "fields": {"user": 1, "jti": "4ec06610636d4fbaaf9871f26a81ae49", "token": "eyJhbGciOiJIUzI1NiIsInR5cCI6IkpXVCJ9.eyJ0b2tlbl90eXBlIjoicmVmcmVzaCIsImV4cCI6MTc3ODc0MjgxNSwiaWF0IjoxNzc4NjU2NDE1LCJqdGkiOiI0ZWMwNjYxMDYzNmQ0ZmJhYWY5ODcxZjI2YTgxYWU0OSIsInVzZXJfaWQiOjF9.n_A6j-Zr9X04rjwY6NdpuE1bii3fLxU9UWi9xC7M3pI", "created_at": "2026-05-13T07:13:35.999Z", "expires_at": "2026-05-14T07:13:35Z"}}, {"model": "token_blacklist.outstandingtoken", "pk": 46, "fields": {"user": 4, "jti": "cc0134f4de21446b89c377052ff52f87", "token": "eyJhbGciOiJIUzI1NiIsInR5cCI6IkpXVCJ9.eyJ0b2tlbl90eXBlIjoicmVmcmVzaCIsImV4cCI6MTc3ODc0MjgyNiwiaWF0IjoxNzc4NjU2NDI2LCJqdGkiOiJjYzAxMzRmNGRlMjE0NDZiODljMzc3MDUyZmY1MmY4NyIsInVzZXJfaWQiOjR9.0HGdeCPzlHHjOkTw1N43j0dG7jC7gJZoXtmWkgyiRMw", "created_at": "2026-05-13T07:13:46.677Z", "expires_at": "2026-05-14T07:13:46Z"}}, {"model": "token_blacklist.outstandingtoken", "pk": 47, "fields": {"user": 2, "jti": "225ad99a3dff44f5a65751dba506e7bf", "token": "eyJhbGciOiJIUzI1NiIsInR5cCI6IkpXVCJ9.eyJ0b2tlbl90eXBlIjoicmVmcmVzaCIsImV4cCI6MTc3ODc0MjgzNSwiaWF0IjoxNzc4NjU2NDM1LCJqdGkiOiIyMjVhZDk5YTNkZmY0NGY1YTY1NzUxZGJhNTA2ZTdiZiIsInVzZXJfaWQiOjJ9.8NTMXjDl59_C7nZmaKQ8i05-5sXOXyPVLfbzxTFtvUU", "created_at": "2026-05-13T07:13:55.286Z", "expires_at": "2026-05-14T07:13:55Z"}}, {"model": "token_blacklist.outstandingtoken", "pk": 48, "fields": {"user": 7, "jti": "1178cd99149a437db7a6c977d4e9866a", "token": "eyJhbGciOiJIUzI1NiIsInR5cCI6IkpXVCJ9.eyJ0b2tlbl90eXBlIjoicmVmcmVzaCIsImV4cCI6MTc3ODc0MjkzNCwiaWF0IjoxNzc4NjU2NTM0LCJqdGkiOiIxMTc4Y2Q5OTE0OWE0MzdkYjdhNmM5NzdkNGU5ODY2YSIsInVzZXJfaWQiOjd9.rZqZvjG1iajN1xJmWkger182ismKZP3_JbMpFJcW7uw", "created_at": "2026-05-13T07:15:34.027Z", "expires_at": "2026-05-14T07:15:34Z"}}, {"model": "token_blacklist.outstandingtoken", "pk": 49, "fields": {"user": 2, "jti": "ae4512107de246c9aef910ca905eea02", "token": "eyJhbGciOiJIUzI1NiIsInR5cCI6IkpXVCJ9.eyJ0b2tlbl90eXBlIjoicmVmcmVzaCIsImV4cCI6MTc3ODc0Mjk1NywiaWF0IjoxNzc4NjU2NTU3LCJqdGkiOiJhZTQ1MTIxMDdkZTI0NmM5YWVmOTEwY2E5MDVlZWEwMiIsInVzZXJfaWQiOjJ9.ULykfam84th6s6HMk_rYwCdplGkmfS6iFVt9T26c1UM", "created_at": "2026-05-13T07:15:57.763Z", "expires_at": "2026-05-14T07:15:57Z"}}, {"model": "token_blacklist.outstandingtoken", "pk": 50, "fields": {"user": 2, "jti": "e598a89f33a74679a78d36935c397b6f", "token": "eyJhbGciOiJIUzI1NiIsInR5cCI6IkpXVCJ9.eyJ0b2tlbl90eXBlIjoicmVmcmVzaCIsImV4cCI6MTc3ODc0NDAxNywiaWF0IjoxNzc4NjU3NjE3LCJqdGkiOiJlNTk4YTg5ZjMzYTc0Njc5YTc4ZDM2OTM1YzM5N2I2ZiIsInVzZXJfaWQiOjJ9.OdVf1Jehpe2oPFgaLJFRLPM-8wSO6fZDUASiGhxHfCY", "created_at": "2026-05-13T07:33:37.555Z", "expires_at": "2026-05-14T07:33:37Z"}}, {"model": "token_blacklist.outstandingtoken", "pk": 51, "fields": {"user": 2, "jti": "33c1f7702fce4603a29b7afd2362b091", "token": "eyJhbGciOiJIUzI1NiIsInR5cCI6IkpXVCJ9.eyJ0b2tlbl90eXBlIjoicmVmcmVzaCIsImV4cCI6MTc3ODc0NDExNCwiaWF0IjoxNzc4NjU3NzE0LCJqdGkiOiIzM2MxZjc3MDJmY2U0NjAzYTI5YjdhZmQyMzYyYjA5MSIsInVzZXJfaWQiOjJ9.74SJQiouo6ZqNO1YDPsDQcx00jYxeL_GGln4DbyHIp0", "created_at": "2026-05-13T07:35:14.242Z", "expires_at": "2026-05-14T07:35:14Z"}}, {"model": "token_blacklist.outstandingtoken", "pk": 52, "fields": {"user": 4, "jti": "62c760dfebbf41f7b4eee6497c166d9b", "token": "eyJhbGciOiJIUzI1NiIsInR5cCI6IkpXVCJ9.eyJ0b2tlbl90eXBlIjoicmVmcmVzaCIsImV4cCI6MTc3ODc0NDE4MCwiaWF0IjoxNzc4NjU3NzgwLCJqdGkiOiI2MmM3NjBkZmViYmY0MWY3YjRlZWU2NDk3YzE2NmQ5YiIsInVzZXJfaWQiOjR9.gjlOXhm3i_5o03FC4OhnNqhqYqws01PehGA-qT_VdXU", "created_at": "2026-05-13T07:36:20.376Z", "expires_at": "2026-05-14T07:36:20Z"}}, {"model": "token_blacklist.outstandingtoken", "pk": 53, "fields": {"user": 2, "jti": "10a2649cb0dc43ceb05770fa4fd679cb", "token": "eyJhbGciOiJIUzI1NiIsInR5cCI6IkpXVCJ9.eyJ0b2tlbl90eXBlIjoicmVmcmVzaCIsImV4cCI6MTc3ODc0NDIyMCwiaWF0IjoxNzc4NjU3ODIwLCJqdGkiOiIxMGEyNjQ5Y2IwZGM0M2NlYjA1NzcwZmE0ZmQ2NzljYiIsInVzZXJfaWQiOjJ9.jhVnIRXKZMHv9PJ84tAUhBsyjt2bKEGFcyu8_RqQg7A", "created_at": "2026-05-13T07:37:00.059Z", "expires_at": "2026-05-14T07:37:00Z"}}, {"model": "token_blacklist.outstandingtoken", "pk": 54, "fields": {"user": 1, "jti": "c36e3bfcb669442cb2c1b15df817f89e", "token": "eyJhbGciOiJIUzI1NiIsInR5cCI6IkpXVCJ9.eyJ0b2tlbl90eXBlIjoicmVmcmVzaCIsImV4cCI6MTc3ODc4OTYzNCwiaWF0IjoxNzc4NzAzMjM0LCJqdGkiOiJjMzZlM2JmY2I2Njk0NDJjYjJjMWIxNWRmODE3Zjg5ZSIsInVzZXJfaWQiOjF9.4MvvkPDQQdiJiVc4ksqCdAPAHJ1gTSomTG4Eq9kXsgw", "created_at": "2026-05-13T20:13:54.101Z", "expires_at": "2026-05-14T20:13:54Z"}}, {"model": "token_blacklist.outstandingtoken", "pk": 55, "fields": {"user": 1, "jti": "5a1dd2c458094776af5215191db6b7f5", "token": "eyJhbGciOiJIUzI1NiIsInR5cCI6IkpXVCJ9.eyJ0b2tlbl90eXBlIjoicmVmcmVzaCIsImV4cCI6MTc3ODc5MDM4NSwiaWF0IjoxNzc4NzAzOTg1LCJqdGkiOiI1YTFkZDJjNDU4MDk0Nzc2YWY1MjE1MTkxZGI2YjdmNSIsInVzZXJfaWQiOjF9.g_ncdQObfGpuzLTTWR4YfcjLeZAr9RBgQXu7Y7ZfyXs", "created_at": "2026-05-13T20:26:25.436Z", "expires_at": "2026-05-14T20:26:25Z"}}, {"model": "token_blacklist.outstandingtoken", "pk": 56, "fields": {"user": 1, "jti": "5d203a89398849b88772267a5e998f5c", "token": "eyJhbGciOiJIUzI1NiIsInR5cCI6IkpXVCJ9.eyJ0b2tlbl90eXBlIjoicmVmcmVzaCIsImV4cCI6MTc3ODc5MDQzMiwiaWF0IjoxNzc4NzA0MDMyLCJqdGkiOiI1ZDIwM2E4OTM5ODg0OWI4ODc3MjI2N2E1ZTk5OGY1YyIsInVzZXJfaWQiOjF9.bsX-4lwhQiIxVeN-xjUmYd0CHEiTj_seDzqvinczS1Y", "created_at": "2026-05-13T20:27:12.741Z", "expires_at": "2026-05-14T20:27:12Z"}}, {"model": "token_blacklist.blacklistedtoken", "pk": 1, "fields": {"token": 23, "blacklisted_at": "2026-05-11T02:32:15.628Z"}}, {"model": "token_blacklist.blacklistedtoken", "pk": 2, "fields": {"token": 25, "blacklisted_at": "2026-05-12T05:19:11.445Z"}}, {"model": "token_blacklist.blacklistedtoken", "pk": 3, "fields": {"token": 27, "blacklisted_at": "2026-05-12T06:23:14.531Z"}}, {"model": "token_blacklist.blacklistedtoken", "pk": 4, "fields": {"token": 28, "blacklisted_at": "2026-05-12T06:25:40.027Z"}}, {"model": "token_blacklist.blacklistedtoken", "pk": 5, "fields": {"token": 30, "blacklisted_at": "2026-05-13T05:12:15.151Z"}}, {"model": "token_blacklist.blacklistedtoken", "pk": 6, "fields": {"token": 31, "blacklisted_at": "2026-05-13T05:13:34.368Z"}}, {"model": "token_blacklist.blacklistedtoken", "pk": 7, "fields": {"token": 33, "blacklisted_at": "2026-05-13T06:21:19.032Z"}}, {"model": "token_blacklist.blacklistedtoken", "pk": 8, "fields": {"token": 34, "blacklisted_at": "2026-05-13T06:23:02.975Z"}}, {"model": "token_blacklist.blacklistedtoken", "pk": 9, "fields": {"token": 35, "blacklisted_at": "2026-05-13T06:25:17.040Z"}}, {"model": "token_blacklist.blacklistedtoken", "pk": 10, "fields": {"token": 36, "blacklisted_at": "2026-05-13T06:29:09.955Z"}}, {"model": "token_blacklist.blacklistedtoken", "pk": 11, "fields": {"token": 37, "blacklisted_at": "2026-05-13T06:30:25.646Z"}}, {"model": "token_blacklist.blacklistedtoken", "pk": 12, "fields": {"token": 38, "blacklisted_at": "2026-05-13T06:30:36.540Z"}}, {"model": "token_blacklist.blacklistedtoken", "pk": 13, "fields": {"token": 39, "blacklisted_at": "2026-05-13T06:30:50.942Z"}}, {"model": "token_blacklist.blacklistedtoken", "pk": 14, "fields": {"token": 40, "blacklisted_at": "2026-05-13T06:31:08.303Z"}}, {"model": "token_blacklist.blacklistedtoken", "pk": 15, "fields": {"token": 41, "blacklisted_at": "2026-05-13T07:10:40.477Z"}}, {"model": "token_blacklist.blacklistedtoken", "pk": 16, "fields": {"token": 42, "blacklisted_at": "2026-05-13T07:10:53.432Z"}}, {"model": "token_blacklist.blacklistedtoken", "pk": 17, "fields": {"token": 43, "blacklisted_at": "2026-05-13T07:11:31.871Z"}}, {"model": "token_blacklist.blacklistedtoken", "pk": 18, "fields": {"token": 44, "blacklisted_at": "2026-05-13T07:13:29.815Z"}}, {"model": "token_blacklist.blacklistedtoken", "pk": 19, "fields": {"token": 45, "blacklisted_at": "2026-05-13T07:13:40.686Z"}}, {"model": "token_blacklist.blacklistedtoken", "pk": 20, "fields": {"token": 46, "blacklisted_at": "2026-05-13T07:13:49.383Z"}}, {"model": "token_blacklist.blacklistedtoken", "pk": 21, "fields": {"token": 47, "blacklisted_at": "2026-05-13T07:13:59.332Z"}}, {"model": "token_blacklist.blacklistedtoken", "pk": 22, "fields": {"token": 48, "blacklisted_at": "2026-05-13T07:15:51.533Z"}}, {"model": "token_blacklist.blacklistedtoken", "pk": 23, "fields": {"token": 49, "blacklisted_at": "2026-05-13T07:32:36.615Z"}}, {"model": "token_blacklist.blacklistedtoken", "pk": 24, "fields": {"token": 50, "blacklisted_at": "2026-05-13T07:34:36.260Z"}}, {"model": "token_blacklist.blacklistedtoken", "pk": 25, "fields": {"token": 51, "blacklisted_at": "2026-05-13T07:36:08.332Z"}}, {"model": "token_blacklist.blacklistedtoken", "pk": 26, "fields": {"token": 52, "blacklisted_at": "2026-05-13T07:36:54.166Z"}}, {"model": "token_blacklist.blacklistedtoken", "pk": 27, "fields": {"token": 55, "blacklisted_at": "2026-05-13T20:27:01.789Z"}}, {"model": "token_blacklist.blacklistedtoken", "pk": 28, "fields": {"token": 56, "blacklisted_at": "2026-05-13T20:43:23.685Z"}}]
