BEGIN TRANSACTION;
CREATE TABLE "P1_Identidad_Acceso_clinica" ("id" integer NOT NULL PRIMARY KEY AUTOINCREMENT, "nombre" varchar(100) NOT NULL, "nit" varchar(20) NOT NULL UNIQUE, "direccion" text NOT NULL, "plan_suscripcion" varchar(50) NOT NULL, "email_contacto" varchar(254) NOT NULL, "logo" varchar(100) NULL, "telefono" varchar(20) NOT NULL, "fecha_creacion" datetime NOT NULL, "saldo" decimal NOT NULL);
INSERT INTO "P1_Identidad_Acceso_clinica" VALUES(1,'CENTRO PSICOLOGICO UAGRM','123456','Localhost','Basico','','','','2026-05-10 20:10:25.410401',910);
INSERT INTO "P1_Identidad_Acceso_clinica" VALUES(3,'Test Clinica','123456-test','Av Principal','Basico','','','','2026-05-22 17:00:27.127401',0);
INSERT INTO "P1_Identidad_Acceso_clinica" VALUES(4,'Psico Clinica Test','nitpsico-test','','Basico','','','','2026-05-22 17:00:34.686371',0);
CREATE TABLE "P1_Identidad_Acceso_dispositivomovil" ("id" integer NOT NULL PRIMARY KEY AUTOINCREMENT, "fcm_token" varchar(255) NOT NULL UNIQUE, "fecha_registro" datetime NOT NULL, "usuario_id" bigint NOT NULL REFERENCES "P1_Identidad_Acceso_usuario" ("id") DEFERRABLE INITIALLY DEFERRED);
CREATE TABLE "P1_Identidad_Acceso_transaccionclinica" ("id" integer NOT NULL PRIMARY KEY AUTOINCREMENT, "tipo" varchar(50) NOT NULL, "monto" decimal NOT NULL, "descripcion" text NOT NULL, "fecha" datetime NOT NULL, "metodo_pago" varchar(50) NOT NULL, "clinica_id" bigint NOT NULL REFERENCES "P1_Identidad_Acceso_clinica" ("id") DEFERRABLE INITIALLY DEFERRED);
INSERT INTO "P1_Identidad_Acceso_transaccionclinica" VALUES(1,'INGRESO_PACIENTE',120,'Ingreso por pago movil de Paciente Prueba Movil para cita #30','2026-05-18 03:06:15.974318','STRIPE_TEST',1);
INSERT INTO "P1_Identidad_Acceso_transaccionclinica" VALUES(2,'INGRESO_PACIENTE',150,'Ingreso por pago movil de Paciente Prueba Movil para cita #31','2026-05-18 03:19:13.888743','QR',1);
INSERT INTO "P1_Identidad_Acceso_transaccionclinica" VALUES(3,'INGRESO_PACIENTE',120,'Ingreso por pago movil de Paciente Prueba Movil para cita #34','2026-05-18 03:24:41.114691','TARJETA',1);
INSERT INTO "P1_Identidad_Acceso_transaccionclinica" VALUES(4,'INGRESO_PACIENTE',120,'Ingreso por pago movil de Paciente Prueba Movil para cita #35','2026-05-18 03:27:51.810283','QR',1);
INSERT INTO "P1_Identidad_Acceso_transaccionclinica" VALUES(5,'INGRESO_PACIENTE',250,'Ingreso por pago movil de Paciente Prueba Movil para cita #37','2026-05-20 19:17:31.382273','QR',1);
INSERT INTO "P1_Identidad_Acceso_transaccionclinica" VALUES(6,'INGRESO_PACIENTE',150,'Ingreso por pago movil de Paciente Prueba Movil para cita #36','2026-05-20 21:07:42.811697','TARJETA',1);
CREATE TABLE "P1_Identidad_Acceso_usuario" ("id" integer NOT NULL PRIMARY KEY AUTOINCREMENT, "password" varchar(128) NOT NULL, "last_login" datetime NULL, "is_superuser" bool NOT NULL, "username" varchar(150) NOT NULL UNIQUE, "first_name" varchar(150) NOT NULL, "last_name" varchar(150) NOT NULL, "email" varchar(254) NOT NULL, "is_staff" bool NOT NULL, "is_active" bool NOT NULL, "date_joined" datetime NOT NULL, "rol" varchar(20) NOT NULL, "clinica_id" bigint NULL REFERENCES "P1_Identidad_Acceso_clinica" ("id") DEFERRABLE INITIALLY DEFERRED, "especialidad" varchar(100) NOT NULL, "telefono" varchar(20) NOT NULL, "debe_cambiar_password" bool NOT NULL, "ultimo_cambio_password" datetime NOT NULL, "ci" varchar(20) NOT NULL);
INSERT INTO "P1_Identidad_Acceso_usuario" VALUES(1,'pbkdf2_sha256$1200000$7D3eXtxu9IDxFzSg7G3pbC$+M9Z9lJwIn5LHaVoP9YP8W1TLEn8dEIoWmiC6GD0WBY=','2026-05-20 20:34:24.435370',1,'admin','','','admin@psicosystem.com',0,1,'2026-05-14 02:54:27.329697','ADMIN',1,'','',0,'2026-05-14 11:59:36.454891+00:00','');
INSERT INTO "P1_Identidad_Acceso_usuario" VALUES(2,'pbkdf2_sha256$1200000$M7ieNrmiteDNQpemmTKl4q$P6Co3iVUvtrobwFW68uiv2CCrYAROYddV4UFiqI85h4=','2026-05-14 12:00:17.664003',0,'drmario','Dr. Mario','','drmario@uagrm.local',0,1,'2026-05-14 02:56:01.460484','PSICOLOGO',1,'Psicologia Clinica','70000001',0,'2026-05-14 11:59:36.454891+00:00','');
INSERT INTO "P1_Identidad_Acceso_usuario" VALUES(3,'pbkdf2_sha256$1200000$FzS6FEbVb9Svj0IvJFfOYp$KqER7oMJaw995NV4T0y+AcyHcqBj4WcuQ4oPPPyv0XQ=','2026-05-20 21:04:38.915089',0,'paciente.prueba','Paciente','Prueba','paciente.prueba@uagrm.local',0,1,'2026-05-14 03:15:06.238832','PACIENTE',1,'','',0,'2026-05-20 19:08:16.243081','PAC-001');
INSERT INTO "P1_Identidad_Acceso_usuario" VALUES(4,'pbkdf2_sha256$1200000$747YQsz6M9rcOnR3loDwhN$M2aSBNHgCmQldgdnXKNPIA28AM/4WCRXKKaOyOWK0QI=','2026-05-14 12:00:18.823124',0,'psico_ayuda','Psico','Ayuda','psico_ayuda@uagrm.local',0,1,'2026-05-14 11:59:36.454891+00:00','PSICOLOGO',1,'Orientacion Psicologica','70000002',0,'2026-05-14 11:59:36.454891+00:00','PSI-002');
INSERT INTO "P1_Identidad_Acceso_usuario" VALUES(5,'pbkdf2_sha256$1200000$P8pqiCrNf1YAtQPjhatvhX$u+UJNxwqwx7ROrmA2Gu7glHz8FgmnJy1GeZ/MkcqcFs=',NULL,0,'testadmin','','','testadmin@test.com',0,1,'2026-05-22 17:00:27.130723','ADMIN',3,'','',0,'2026-05-22 17:00:27.544111','');
INSERT INTO "P1_Identidad_Acceso_usuario" VALUES(6,'pbkdf2_sha256$1200000$WOH5QVl5jfKtMe3LC1dPy8$uzUFuhX3M1LAyFsBZv+CPegxIDsbf4D+mf2iz2fepm8=',NULL,0,'testpsico','','','psico@test.com',0,1,'2026-05-22 17:00:34.689964','PSICOLOGO',4,'','',0,'2026-05-22 17:00:35.110677','');
INSERT INTO "P1_Identidad_Acceso_usuario" VALUES(7,'pbkdf2_sha256$1200000$GjJESJTA6mwI7rmDzTY0iI$TXEC295kM4ZbYhJ4EnNI5IsEbm1rJlIvIE1FWEM/C5E=',NULL,0,'paciente@test.com','Test Paciente','','paciente@test.com',0,1,'2026-05-22 17:00:42.947657','PACIENTE',1,'','70000000',0,'2026-05-22 17:00:43.367248','paciente-ci-test');
INSERT INTO "P1_Identidad_Acceso_usuario" VALUES(8,'pbkdf2_sha256$1200000$dTeFCiERkpLmHOfB6uODcF$F4aLv4X0yOSYgu9EglW6xYqgylAv3/9BGmmnt/xPw0c=',NULL,0,'testerror4@gmail.com','Test','','testerror4@gmail.com',0,1,'2026-05-22 18:19:20.031113','PACIENTE',1,'','1234567',0,'2026-05-22 18:19:20.444237','123456');
CREATE TABLE "P1_Identidad_Acceso_usuario_groups" ("id" integer NOT NULL PRIMARY KEY AUTOINCREMENT, "usuario_id" bigint NOT NULL REFERENCES "P1_Identidad_Acceso_usuario" ("id") DEFERRABLE INITIALLY DEFERRED, "group_id" integer NOT NULL REFERENCES "auth_group" ("id") DEFERRABLE INITIALLY DEFERRED);
CREATE TABLE "P1_Identidad_Acceso_usuario_user_permissions" ("id" integer NOT NULL PRIMARY KEY AUTOINCREMENT, "usuario_id" bigint NOT NULL REFERENCES "P1_Identidad_Acceso_usuario" ("id") DEFERRABLE INITIALLY DEFERRED, "permission_id" integer NOT NULL REFERENCES "auth_permission" ("id") DEFERRABLE INITIALLY DEFERRED);
CREATE TABLE "P2_Gestion_Clinica_evolucionclinica" ("id" integer NOT NULL PRIMARY KEY AUTOINCREMENT, "fecha_sesion" datetime NOT NULL, "notas_sesion" text NOT NULL, "archivo_adjunto" varchar(100) NULL, "analisis_ia" text NOT NULL, "psicologo_id" bigint NULL REFERENCES "P1_Identidad_Acceso_usuario" ("id") DEFERRABLE INITIALLY DEFERRED, "historia_id" bigint NOT NULL REFERENCES "P2_Gestion_Clinica_historiaclinica" ("id") DEFERRABLE INITIALLY DEFERRED);
CREATE TABLE "P2_Gestion_Clinica_historiaclinica" ("id" integer NOT NULL PRIMARY KEY AUTOINCREMENT, "fecha_creacion" datetime NOT NULL, "antecedentes_familiares" text NOT NULL, "antecedentes_personales" text NOT NULL, "diagnostico_preliminar" text NOT NULL, "paciente_id" bigint NOT NULL UNIQUE REFERENCES "P2_Gestion_Clinica_paciente" ("id") DEFERRABLE INITIALLY DEFERRED);
INSERT INTO "P2_Gestion_Clinica_historiaclinica" VALUES(1,'2026-05-22 17:00:43.378571','','','',8);
INSERT INTO "P2_Gestion_Clinica_historiaclinica" VALUES(2,'2026-05-22 18:19:20.457237','','','',9);
CREATE TABLE "P2_Gestion_Clinica_paciente" ("id" integer NOT NULL PRIMARY KEY AUTOINCREMENT, "nombre" varchar(100) NOT NULL, "ci" varchar(20) NOT NULL UNIQUE, "fecha_nacimiento" date NOT NULL, "telefono" varchar(20) NOT NULL, "motivo_consulta" text NULL, "clinica_id" bigint NOT NULL REFERENCES "P1_Identidad_Acceso_clinica" ("id") DEFERRABLE INITIALLY DEFERRED, "fecha_registro" datetime NULL);
INSERT INTO "P2_Gestion_Clinica_paciente" VALUES(1,'Carlos Mendez','4587939','1990-05-15','77042421',NULL,1,'2026-05-14 07:23:40.134375');
INSERT INTO "P2_Gestion_Clinica_paciente" VALUES(2,'Lucia Torres','8268246','1990-05-15','77467735',NULL,1,'2026-05-14 07:23:40.134375');
INSERT INTO "P2_Gestion_Clinica_paciente" VALUES(3,'Mario Vargas','6542806','1990-05-15','79079278',NULL,1,'2026-05-14 07:23:40.134375');
INSERT INTO "P2_Gestion_Clinica_paciente" VALUES(4,'Elena Rios','3170909','1990-05-15','73301302',NULL,1,'2026-05-14 07:23:40.134375');
INSERT INTO "P2_Gestion_Clinica_paciente" VALUES(5,'Sebastian Paz','2998305','1990-05-15','76781121',NULL,1,'2026-05-14 07:23:40.134375');
INSERT INTO "P2_Gestion_Clinica_paciente" VALUES(6,'Fabiana Luna','3902664','1990-05-15','73353950',NULL,1,'2026-05-14 07:23:40.134375');
INSERT INTO "P2_Gestion_Clinica_paciente" VALUES(7,'Paciente Prueba Movil','PAC-001','1998-01-01','70000099','Demo pagos y citas movil',1,'2026-05-18 02:59:24.290431');
INSERT INTO "P2_Gestion_Clinica_paciente" VALUES(8,'Test Paciente','paciente-ci-test','2000-01-01','70000000',NULL,1,'2026-05-22 17:00:43.375320');
INSERT INTO "P2_Gestion_Clinica_paciente" VALUES(9,'Test','123456','2000-01-01','1234567',NULL,1,'2026-05-22 18:19:20.453713');
CREATE TABLE "P3_Logistica_Citas_cita" ("id" integer NOT NULL PRIMARY KEY AUTOINCREMENT, "fecha_hora" datetime NOT NULL, "motivo" text NULL, "estado" varchar(20) NOT NULL, "paciente_id" bigint NOT NULL REFERENCES "P2_Gestion_Clinica_paciente" ("id") DEFERRABLE INITIALLY DEFERRED, "psicologo_id" bigint NOT NULL REFERENCES "P1_Identidad_Acceso_usuario" ("id") DEFERRABLE INITIALLY DEFERRED, "duracion_minutos" integer unsigned NOT NULL CHECK ("duracion_minutos" >= 0), "monto" decimal NOT NULL, "estado_pago" varchar(20) NOT NULL, "metodo_pago" varchar(30) NOT NULL, "fecha_pago" datetime NULL, "fecha_cancelacion" datetime NULL, "motivo_cancelacion" varchar(255) NOT NULL, "cancelado_por_id" bigint NULL REFERENCES "P1_Identidad_Acceso_usuario" ("id") DEFERRABLE INITIALLY DEFERRED);
INSERT INTO "P3_Logistica_Citas_cita" VALUES(1,'2026-05-15 15:00:00','Consulta de seguimiento','PENDIENTE',6,2,60,100,'PENDIENTE','',NULL,NULL,'',NULL);
INSERT INTO "P3_Logistica_Citas_cita" VALUES(2,'2026-05-15 20:00:00','Consulta de seguimiento','PENDIENTE',1,2,60,100,'PENDIENTE','',NULL,NULL,'',NULL);
INSERT INTO "P3_Logistica_Citas_cita" VALUES(3,'2026-05-20 13:00:00','Consulta de seguimiento','PENDIENTE',1,2,60,100,'PENDIENTE','',NULL,NULL,'',NULL);
INSERT INTO "P3_Logistica_Citas_cita" VALUES(4,'2026-05-14 22:00:00','Terapia de pareja','ASISTIO',1,2,60,100,'PENDIENTE','',NULL,NULL,'',NULL);
INSERT INTO "P3_Logistica_Citas_cita" VALUES(5,'2026-05-20 14:00:00','Consulta de seguimiento','PENDIENTE',4,2,60,100,'PENDIENTE','',NULL,NULL,'',NULL);
INSERT INTO "P3_Logistica_Citas_cita" VALUES(6,'2026-05-13 18:00:00','Primera sesión','ASISTIO',2,2,60,100,'PENDIENTE','',NULL,NULL,'',NULL);
INSERT INTO "P3_Logistica_Citas_cita" VALUES(7,'2026-05-17 21:00:00','Terapia de pareja','PENDIENTE',3,2,60,100,'PENDIENTE','',NULL,NULL,'',NULL);
INSERT INTO "P3_Logistica_Citas_cita" VALUES(8,'2026-05-13 16:00:00','Terapia de pareja','PENDIENTE',3,2,60,100,'PENDIENTE','',NULL,NULL,'',NULL);
INSERT INTO "P3_Logistica_Citas_cita" VALUES(9,'2026-05-17 17:00:00','Primera sesión','PENDIENTE',2,2,60,100,'PENDIENTE','',NULL,NULL,'',NULL);
INSERT INTO "P3_Logistica_Citas_cita" VALUES(10,'2026-05-15 14:00:00','Evaluación ansiedad','PENDIENTE',1,2,60,100,'PENDIENTE','',NULL,NULL,'',NULL);
INSERT INTO "P3_Logistica_Citas_cita" VALUES(11,'2026-05-13 13:00:00','Primera sesión','REPROGRAMADA',4,2,60,100,'PENDIENTE','',NULL,NULL,'',NULL);
INSERT INTO "P3_Logistica_Citas_cita" VALUES(12,'2026-05-18 12:00:00','Primera sesión','REPROGRAMADA',2,2,60,100,'PENDIENTE','',NULL,NULL,'',NULL);
INSERT INTO "P3_Logistica_Citas_cita" VALUES(13,'2026-05-19 13:00:00','Terapia de pareja','REPROGRAMADA',1,2,60,100,'PENDIENTE','',NULL,NULL,'',NULL);
INSERT INTO "P3_Logistica_Citas_cita" VALUES(14,'2026-05-20 18:00:00','Consulta de seguimiento','PENDIENTE',3,2,60,100,'PENDIENTE','',NULL,NULL,'',NULL);
INSERT INTO "P3_Logistica_Citas_cita" VALUES(15,'2026-05-19 21:00:00','Terapia de pareja','PENDIENTE',1,2,60,100,'PENDIENTE','',NULL,NULL,'',NULL);
INSERT INTO "P3_Logistica_Citas_cita" VALUES(16,'2026-05-16 12:00:00','Terapia de pareja','ASISTIO',5,2,60,100,'PENDIENTE','',NULL,NULL,'',NULL);
INSERT INTO "P3_Logistica_Citas_cita" VALUES(17,'2026-05-18 14:00:00','Terapia de pareja','ASISTIO',2,2,60,100,'PENDIENTE','',NULL,NULL,'',NULL);
INSERT INTO "P3_Logistica_Citas_cita" VALUES(18,'2026-05-18 15:00:00','Primera sesión','PENDIENTE',5,2,60,100,'PENDIENTE','',NULL,NULL,'',NULL);
INSERT INTO "P3_Logistica_Citas_cita" VALUES(19,'2026-05-17 13:00:00','Consulta de seguimiento','PENDIENTE',3,2,60,100,'PENDIENTE','',NULL,NULL,'',NULL);
INSERT INTO "P3_Logistica_Citas_cita" VALUES(20,'2026-05-18 21:00:00','Consulta de seguimiento','ASISTIO',2,2,60,100,'PENDIENTE','',NULL,NULL,'',NULL);
INSERT INTO "P3_Logistica_Citas_cita" VALUES(21,'2026-05-16 19:00:00','Evaluación ansiedad','PENDIENTE',4,2,60,100,'PENDIENTE','',NULL,NULL,'',NULL);
INSERT INTO "P3_Logistica_Citas_cita" VALUES(22,'2026-05-20 16:00:00','Consulta de seguimiento','PENDIENTE',3,2,60,100,'PENDIENTE','',NULL,NULL,'',NULL);
INSERT INTO "P3_Logistica_Citas_cita" VALUES(23,'2026-05-18 18:00:00','Evaluación ansiedad','ASISTIO',1,2,60,100,'PENDIENTE','',NULL,NULL,'',NULL);
INSERT INTO "P3_Logistica_Citas_cita" VALUES(24,'2026-05-13 21:00:00','Evaluación ansiedad','REPROGRAMADA',5,2,60,100,'PENDIENTE','',NULL,NULL,'',NULL);
INSERT INTO "P3_Logistica_Citas_cita" VALUES(25,'2026-05-19 19:00:00','Evaluación ansiedad','ASISTIO',5,2,60,100,'PENDIENTE','',NULL,NULL,'',NULL);
INSERT INTO "P3_Logistica_Citas_cita" VALUES(26,'2026-05-20 17:00:00','Primera sesión','PENDIENTE',1,2,60,100,'PENDIENTE','',NULL,NULL,'',NULL);
INSERT INTO "P3_Logistica_Citas_cita" VALUES(27,'2026-05-18 17:00:00','Terapia de pareja','ASISTIO',4,2,60,100,'PENDIENTE','',NULL,NULL,'',NULL);
INSERT INTO "P3_Logistica_Citas_cita" VALUES(28,'2026-05-14 17:00:00','Consulta de seguimiento','REPROGRAMADA',2,2,60,100,'PENDIENTE','',NULL,NULL,'',NULL);
INSERT INTO "P3_Logistica_Citas_cita" VALUES(29,'2026-05-17 19:00:00','Terapia de pareja','REPROGRAMADA',6,2,60,100,'PENDIENTE','',NULL,NULL,'',NULL);
INSERT INTO "P3_Logistica_Citas_cita" VALUES(30,'2026-05-19 04:00:00','Cita demo pendiente con drmario','PENDIENTE',7,2,60,120,'PAGADO','STRIPE_TEST','2026-05-18 03:06:15.977856',NULL,'',NULL);
INSERT INTO "P3_Logistica_Citas_cita" VALUES(31,'2026-05-20 04:00:00','Cita demo pendiente con psico_ayuda','PENDIENTE',7,4,60,150,'PAGADO','QR','2026-05-18 03:19:13.892387',NULL,'',NULL);
INSERT INTO "P3_Logistica_Citas_cita" VALUES(32,'2026-05-16 02:00:00','Cita demo pagada','ASISTIO',7,2,60,100,'PAGADO','STRIPE_TEST','2026-05-16 02:59:24.306320',NULL,'',NULL);
INSERT INTO "P3_Logistica_Citas_cita" VALUES(33,'2026-05-22 19:00:00','Cita creada para validar cancelacion','CANCELADA',7,4,60,130,'ANULADO','',NULL,'2026-05-18 03:06:16.074282','Prueba de cancelacion valida',3);
INSERT INTO "P3_Logistica_Citas_cita" VALUES(34,'2026-05-18 16:00:00','estress','PENDIENTE',7,4,60,120,'PAGADO','TARJETA','2026-05-18 03:24:41.118469',NULL,'',NULL);
INSERT INTO "P3_Logistica_Citas_cita" VALUES(35,'2026-05-18 19:45:00','estres','PENDIENTE',7,2,60,120,'PAGADO','QR','2026-05-18 03:27:51.813332',NULL,'',NULL);
INSERT INTO "P3_Logistica_Citas_cita" VALUES(36,'2026-05-21 19:09:18.169288','Consulta de Ansiedad','PENDIENTE',7,2,60,150,'PAGADO','TARJETA','2026-05-20 21:07:42.814835',NULL,'',NULL);
INSERT INTO "P3_Logistica_Citas_cita" VALUES(37,'2026-05-22 19:09:18.174067','Terapia de Aceptación','PENDIENTE',7,2,60,250,'PAGADO','QR','2026-05-20 19:17:31.385628',NULL,'',NULL);
CREATE TABLE "P3_Logistica_Citas_listaespera" ("id" integer NOT NULL PRIMARY KEY AUTOINCREMENT, "fecha_registro" datetime NOT NULL, "paciente_id" bigint NOT NULL REFERENCES "P2_Gestion_Clinica_paciente" ("id") DEFERRABLE INITIALLY DEFERRED, "activo" bool NOT NULL, "observacion" text NOT NULL, "prioridad" integer NOT NULL);
CREATE TABLE "P4_IA_Administracion_comprobante" ("id" integer NOT NULL PRIMARY KEY AUTOINCREMENT, "nro_comprobante" varchar(50) NOT NULL UNIQUE, "pdf_archivo" varchar(100) NULL, "fecha_emision" datetime NOT NULL, "transaccion_id" bigint NOT NULL UNIQUE REFERENCES "P4_IA_Administracion_transaccion" ("id") DEFERRABLE INITIALLY DEFERRED, pdf_path varchar(100) NULL);
INSERT INTO "P4_IA_Administracion_comprobante" VALUES(1,'MOB-D0EAB670',NULL,'2026-05-18 03:06:15.966189',12,'');
INSERT INTO "P4_IA_Administracion_comprobante" VALUES(2,'MOB-846DE724',NULL,'2026-05-18 03:19:13.878311',13,'');
INSERT INTO "P4_IA_Administracion_comprobante" VALUES(3,'MOB-1ABB444E',NULL,'2026-05-18 03:24:41.107048',14,'');
INSERT INTO "P4_IA_Administracion_comprobante" VALUES(4,'MOB-EE989B10',NULL,'2026-05-18 03:27:51.800005',15,'');
INSERT INTO "P4_IA_Administracion_comprobante" VALUES(5,'MOB-99D1E3E3',NULL,'2026-05-20 19:17:31.375259',16,'');
INSERT INTO "P4_IA_Administracion_comprobante" VALUES(6,'MOB-981A9EA9',NULL,'2026-05-20 21:07:42.804937',17,'');
CREATE TABLE "P4_IA_Administracion_diagnosticoia" ("id" integer NOT NULL PRIMARY KEY AUTOINCREMENT, "input_clinico" text NOT NULL, "resultado_ia" text NOT NULL, "probabilidad_acierto" real NOT NULL, "fecha_analisis" datetime NOT NULL, "psicologo_id" bigint NOT NULL REFERENCES "P1_Identidad_Acceso_usuario" ("id") DEFERRABLE INITIALLY DEFERRED, "paciente_id" bigint NULL REFERENCES "P2_Gestion_Clinica_paciente" ("id") DEFERRABLE INITIALLY DEFERRED);
CREATE TABLE "P4_IA_Administracion_logauditoria" ("id" integer NOT NULL PRIMARY KEY AUTOINCREMENT, "accion" varchar(255) NOT NULL, "fecha" datetime NOT NULL, "usuario_id" bigint NULL REFERENCES "P1_Identidad_Acceso_usuario" ("id") DEFERRABLE INITIALLY DEFERRED, "clinica_id" bigint NULL REFERENCES "P1_Identidad_Acceso_clinica" ("id") DEFERRABLE INITIALLY DEFERRED, "ip_address" char(39) NULL, "user_agent" text NULL);
INSERT INTO "P4_IA_Administracion_logauditoria" VALUES(1,'Inició sesión en el sistema.','2026-05-14 03:17:11.591940',3,NULL,NULL,NULL);
INSERT INTO "P4_IA_Administracion_logauditoria" VALUES(2,'Inició sesión en el sistema.','2026-05-14 03:37:29.812625',1,NULL,NULL,NULL);
INSERT INTO "P4_IA_Administracion_logauditoria" VALUES(3,'[SISTEMA] Se ha realizado un respaldo automático programado de la base de datos (Nube SaaS).','2026-05-14 03:37:29.968497',1,NULL,NULL,NULL);
INSERT INTO "P4_IA_Administracion_logauditoria" VALUES(4,'Inició sesión en el sistema.','2026-05-14 11:24:34.716292',3,1,'127.0.0.1','Mozilla/5.0 (Windows NT; Windows NT 10.0; es-ES) WindowsPowerShell/5.1.26100.4202');
INSERT INTO "P4_IA_Administracion_logauditoria" VALUES(5,'Inició sesión en el sistema.','2026-05-14 11:24:34.766265',3,1,'26.93.225.81','Mozilla/5.0 (Windows NT; Windows NT 10.0; es-ES) WindowsPowerShell/5.1.26100.4202');
INSERT INTO "P4_IA_Administracion_logauditoria" VALUES(6,'Inició sesión en el sistema.','2026-05-14 11:24:34.755909',3,1,'10.128.164.146','Mozilla/5.0 (Windows NT; Windows NT 10.0; es-ES) WindowsPowerShell/5.1.26100.4202');
INSERT INTO "P4_IA_Administracion_logauditoria" VALUES(7,'Inició sesión en el sistema.','2026-05-14 11:44:33.275591',3,1,'10.128.164.146','Mozilla/5.0 (Windows NT; Windows NT 10.0; es-ES) WindowsPowerShell/5.1.26100.4202');
INSERT INTO "P4_IA_Administracion_logauditoria" VALUES(8,'Inició sesión en el sistema.','2026-05-14 11:45:17.519336',3,1,'10.128.164.201','Dart/3.10 (dart:io)');
INSERT INTO "P4_IA_Administracion_logauditoria" VALUES(9,'Inició sesión en el sistema.','2026-05-14 11:50:46.380448',3,1,'10.128.164.201','Dart/3.10 (dart:io)');
INSERT INTO "P4_IA_Administracion_logauditoria" VALUES(10,'Inició sesión en el sistema.','2026-05-14 12:00:16.369002',1,1,'10.128.164.146','Mozilla/5.0 (Windows NT; Windows NT 10.0; es-ES) WindowsPowerShell/5.1.26100.4202');
INSERT INTO "P4_IA_Administracion_logauditoria" VALUES(11,'Inició sesión en el sistema.','2026-05-14 12:00:17.655494',2,1,'10.128.164.146','Mozilla/5.0 (Windows NT; Windows NT 10.0; es-ES) WindowsPowerShell/5.1.26100.4202');
INSERT INTO "P4_IA_Administracion_logauditoria" VALUES(12,'Inició sesión en el sistema.','2026-05-14 12:00:18.812626',4,1,'10.128.164.146','Mozilla/5.0 (Windows NT; Windows NT 10.0; es-ES) WindowsPowerShell/5.1.26100.4202');
INSERT INTO "P4_IA_Administracion_logauditoria" VALUES(13,'Inició sesión en el sistema.','2026-05-14 12:00:20.078764',3,1,'10.128.164.146','Mozilla/5.0 (Windows NT; Windows NT 10.0; es-ES) WindowsPowerShell/5.1.26100.4202');
INSERT INTO "P4_IA_Administracion_logauditoria" VALUES(14,'Inicio sesion en el sistema.','2026-05-18 03:01:28.456468',1,1,'127.0.0.1','Mozilla/5.0 (Windows NT; Windows NT 10.0; es-ES) WindowsPowerShell/5.1.26100.4202');
INSERT INTO "P4_IA_Administracion_logauditoria" VALUES(15,'Inicio sesion en el sistema.','2026-05-18 03:01:28.520201',3,1,'127.0.0.1','Mozilla/5.0 (Windows NT; Windows NT 10.0; es-ES) WindowsPowerShell/5.1.26100.4202');
INSERT INTO "P4_IA_Administracion_logauditoria" VALUES(16,'Inicio sesion en el sistema.','2026-05-18 03:01:28.557938',3,1,'192.168.0.196','Mozilla/5.0 (Windows NT; Windows NT 10.0; es-ES) WindowsPowerShell/5.1.26100.4202');
INSERT INTO "P4_IA_Administracion_logauditoria" VALUES(17,'Inicio sesion en el sistema.','2026-05-18 03:06:15.899970',3,1,'127.0.0.1','Mozilla/5.0 (Windows NT; Windows NT 10.0; es-ES) WindowsPowerShell/5.1.26100.4202');
INSERT INTO "P4_IA_Administracion_logauditoria" VALUES(18,'Inicio sesion en el sistema.','2026-05-18 03:06:15.925371',3,1,'127.0.0.1','Mozilla/5.0 (Windows NT; Windows NT 10.0; es-ES) WindowsPowerShell/5.1.26100.4202');
INSERT INTO "P4_IA_Administracion_logauditoria" VALUES(19,'Pago movil simulado (120.00 BOB) para cita #30. Stripe intent demo: pi_demo_f8394ca0dd9e','2026-05-18 03:06:15.982902',3,1,NULL,NULL);
INSERT INTO "P4_IA_Administracion_logauditoria" VALUES(20,'Inicio sesion en el sistema.','2026-05-18 03:06:16',3,1,'127.0.0.1','Mozilla/5.0 (Windows NT; Windows NT 10.0; es-ES) WindowsPowerShell/5.1.26100.4202');
INSERT INTO "P4_IA_Administracion_logauditoria" VALUES(21,'Paciente creo cita movil #33 con pago pendiente.','2026-05-18 03:06:16.031137',3,1,NULL,NULL);
INSERT INTO "P4_IA_Administracion_logauditoria" VALUES(22,'Inicio sesion en el sistema.','2026-05-18 03:06:16.026908',1,1,'127.0.0.1','Mozilla/5.0 (Windows NT; Windows NT 10.0; es-ES) WindowsPowerShell/5.1.26100.4202');
INSERT INTO "P4_IA_Administracion_logauditoria" VALUES(23,'Paciente Paciente Prueba Movil cancelo cita #33. Notificacion simulada enviada a psico_ayuda.','2026-05-18 03:06:16.080942',3,1,NULL,NULL);
INSERT INTO "P4_IA_Administracion_logauditoria" VALUES(24,'Inicio sesion en el sistema.','2026-05-18 03:06:59.290648',3,1,'127.0.0.1','Mozilla/5.0 (Windows NT; Windows NT 10.0; es-ES) WindowsPowerShell/5.1.26100.4202');
INSERT INTO "P4_IA_Administracion_logauditoria" VALUES(25,'Inicio sesion en el sistema.','2026-05-18 03:06:59.388047',3,1,'127.0.0.1','Mozilla/5.0 (Windows NT; Windows NT 10.0; es-ES) WindowsPowerShell/5.1.26100.4202');
INSERT INTO "P4_IA_Administracion_logauditoria" VALUES(26,'Inicio sesion en el sistema.','2026-05-18 03:12:05.382957',3,1,'192.168.0.196','Mozilla/5.0 (Windows NT; Windows NT 10.0; es-ES) WindowsPowerShell/5.1.26100.4202');
INSERT INTO "P4_IA_Administracion_logauditoria" VALUES(27,'Inicio sesion en el sistema.','2026-05-18 03:12:34.372072',3,1,'192.168.0.196','Mozilla/5.0 (Windows NT; Windows NT 10.0; es-ES) WindowsPowerShell/5.1.26100.4202');
INSERT INTO "P4_IA_Administracion_logauditoria" VALUES(28,'Inicio sesion en el sistema.','2026-05-18 03:18:27.919453',3,1,'192.168.0.109','Dart/3.10 (dart:io)');
INSERT INTO "P4_IA_Administracion_logauditoria" VALUES(29,'Pago movil simulado (150.00 BOB) para cita #31. Stripe intent demo: pi_demo_7d728d8bf147','2026-05-18 03:19:13.899560',3,1,NULL,NULL);
INSERT INTO "P4_IA_Administracion_logauditoria" VALUES(30,'Inicio sesion en el sistema.','2026-05-18 03:22:29.098548',1,1,'192.168.0.196','Mozilla/5.0 (Windows NT 10.0; Win64; x64) AppleWebKit/537.36 (KHTML, like Gecko) Chrome/148.0.0.0 Safari/537.36 Edg/148.0.0.0');
INSERT INTO "P4_IA_Administracion_logauditoria" VALUES(31,'Paciente creo cita movil #34 con pago pendiente.','2026-05-18 03:23:55.404877',3,1,NULL,NULL);
INSERT INTO "P4_IA_Administracion_logauditoria" VALUES(32,'Pago movil simulado (120.00 BOB) para cita #34. Stripe intent demo: pi_demo_250eb2b9ba50','2026-05-18 03:24:41.122031',3,1,NULL,NULL);
INSERT INTO "P4_IA_Administracion_logauditoria" VALUES(33,'Paciente creo cita movil #35 con pago pendiente.','2026-05-18 03:26:56.326048',3,1,NULL,NULL);
INSERT INTO "P4_IA_Administracion_logauditoria" VALUES(34,'Pago movil simulado (120.00 BOB) para cita #35. Stripe intent demo: pi_demo_c478c9ca308f','2026-05-18 03:27:51.817819',3,1,NULL,NULL);
INSERT INTO "P4_IA_Administracion_logauditoria" VALUES(35,'Inicio sesion en el sistema.','2026-05-20 19:15:21.420369',3,1,'192.168.0.109','Dart/3.10 (dart:io)');
INSERT INTO "P4_IA_Administracion_logauditoria" VALUES(36,'Inicio sesion en el sistema.','2026-05-20 19:16:18.379321',1,1,'192.168.0.196','Mozilla/5.0 (Windows NT 10.0; Win64; x64) AppleWebKit/537.36 (KHTML, like Gecko) Chrome/148.0.0.0 Safari/537.36 Edg/148.0.0.0');
INSERT INTO "P4_IA_Administracion_logauditoria" VALUES(37,'Pago movil simulado (250.00 BOB) para cita #37. Stripe intent demo: pi_demo_8358f5dc7f45','2026-05-20 19:17:31.389587',3,1,NULL,NULL);
INSERT INTO "P4_IA_Administracion_logauditoria" VALUES(38,'Inicio sesion en el sistema.','2026-05-20 19:18:47.288752',3,1,'192.168.0.109','Dart/3.10 (dart:io)');
INSERT INTO "P4_IA_Administracion_logauditoria" VALUES(39,'Inicio sesion en el sistema.','2026-05-20 20:34:24.430862',1,1,'192.168.0.196','Mozilla/5.0 (Windows NT 10.0; Win64; x64) AppleWebKit/537.36 (KHTML, like Gecko) Chrome/148.0.0.0 Safari/537.36 Edg/148.0.0.0');
INSERT INTO "P4_IA_Administracion_logauditoria" VALUES(40,'Inicio sesion en el sistema.','2026-05-20 21:04:38.912041',3,1,'192.223.106.242','Dart/3.10 (dart:io)');
INSERT INTO "P4_IA_Administracion_logauditoria" VALUES(41,'Pago movil simulado (150.00 BOB) para cita #36. Stripe intent demo: pi_demo_de9419826cdb','2026-05-20 21:07:42.817859',3,1,NULL,NULL);
CREATE TABLE "P4_IA_Administracion_transaccion" ("id" integer NOT NULL PRIMARY KEY AUTOINCREMENT, "monto" decimal NOT NULL, "fecha" datetime NOT NULL, "concepto" varchar(255) NOT NULL, "metodo_pago" varchar(20) NOT NULL, "clinica_id" bigint NOT NULL REFERENCES "P1_Identidad_Acceso_clinica" ("id") DEFERRABLE INITIALLY DEFERRED, "paciente_id" bigint NOT NULL REFERENCES "P2_Gestion_Clinica_paciente" ("id") DEFERRABLE INITIALLY DEFERRED, tipo varchar(10) NOT NULL DEFAULT 'PAGO', descripcion varchar(255) NOT NULL DEFAULT '', cita_id bigint NULL);
INSERT INTO "P4_IA_Administracion_transaccion" VALUES(1,300,'2026-05-14 02:56:18.426502','Evaluación Psicométrica','EFECTIVO',1,6,'PAGO','',NULL);
INSERT INTO "P4_IA_Administracion_transaccion" VALUES(2,150,'2026-05-14 02:56:18.430402','Sesión Terapia','EFECTIVO',1,6,'PAGO','',NULL);
INSERT INTO "P4_IA_Administracion_transaccion" VALUES(3,300,'2026-05-14 02:56:18.434227','Sesión Terapia','EFECTIVO',1,6,'PAGO','',NULL);
INSERT INTO "P4_IA_Administracion_transaccion" VALUES(4,300,'2026-05-14 02:56:18.438005','Evaluación Psicométrica','EFECTIVO',1,1,'PAGO','',NULL);
INSERT INTO "P4_IA_Administracion_transaccion" VALUES(5,500,'2026-05-14 02:56:18.441395','Sesión Terapia','EFECTIVO',1,2,'PAGO','',NULL);
INSERT INTO "P4_IA_Administracion_transaccion" VALUES(6,300,'2026-05-14 02:56:18.445113','Sesión Terapia','EFECTIVO',1,4,'PAGO','',NULL);
INSERT INTO "P4_IA_Administracion_transaccion" VALUES(7,200,'2026-05-14 02:56:18.448199','Evaluación Psicométrica','EFECTIVO',1,3,'PAGO','',NULL);
INSERT INTO "P4_IA_Administracion_transaccion" VALUES(8,150,'2026-05-14 02:56:18.452333','Consulta General','EFECTIVO',1,1,'PAGO','',NULL);
INSERT INTO "P4_IA_Administracion_transaccion" VALUES(9,150,'2026-05-14 02:56:18.456053','Sesión Terapia','EFECTIVO',1,1,'PAGO','',NULL);
INSERT INTO "P4_IA_Administracion_transaccion" VALUES(10,500,'2026-05-14 02:56:18.459818','Evaluación Psicométrica','EFECTIVO',1,4,'PAGO','',NULL);
INSERT INTO "P4_IA_Administracion_transaccion" VALUES(11,100,'2026-05-18 02:59:24.312620','Pago de cita #32','STRIPE_TEST',1,7,'PAGO','Pago historico simulado para demo movil',32);
INSERT INTO "P4_IA_Administracion_transaccion" VALUES(12,120,'2026-05-18 03:06:15.961680','Pago de cita #30','STRIPE_TEST',1,7,'PAGO','Pago movil simulado STRIPE_TEST pi_demo_f8394ca0dd9e (****4242)',30);
INSERT INTO "P4_IA_Administracion_transaccion" VALUES(13,150,'2026-05-18 03:19:13.872393','Pago de cita #31','QR',1,7,'PAGO','Pago movil simulado QR pi_demo_7d728d8bf147 (****4242)',31);
INSERT INTO "P4_IA_Administracion_transaccion" VALUES(14,120,'2026-05-18 03:24:41.099581','Pago de cita #34','TARJETA',1,7,'PAGO','Pago movil simulado TARJETA pi_demo_250eb2b9ba50 (****4242)',34);
INSERT INTO "P4_IA_Administracion_transaccion" VALUES(15,120,'2026-05-18 03:27:51.795635','Pago de cita #35','QR',1,7,'PAGO','Pago movil simulado QR pi_demo_c478c9ca308f (****4242)',35);
INSERT INTO "P4_IA_Administracion_transaccion" VALUES(16,250,'2026-05-20 19:17:31.371012','Pago de cita #37','QR',1,7,'PAGO','Pago movil simulado QR pi_demo_8358f5dc7f45 (****0000)',37);
INSERT INTO "P4_IA_Administracion_transaccion" VALUES(17,150,'2026-05-20 21:07:42.800512','Pago de cita #36','TARJETA',1,7,'PAGO','Pago movil simulado TARJETA pi_demo_de9419826cdb (****4949)',36);
CREATE TABLE "auth_group" ("id" integer NOT NULL PRIMARY KEY AUTOINCREMENT, "name" varchar(150) NOT NULL UNIQUE);
CREATE TABLE "auth_group_permissions" ("id" integer NOT NULL PRIMARY KEY AUTOINCREMENT, "group_id" integer NOT NULL REFERENCES "auth_group" ("id") DEFERRABLE INITIALLY DEFERRED, "permission_id" integer NOT NULL REFERENCES "auth_permission" ("id") DEFERRABLE INITIALLY DEFERRED);
CREATE TABLE "auth_permission" ("id" integer NOT NULL PRIMARY KEY AUTOINCREMENT, "content_type_id" integer NOT NULL REFERENCES "django_content_type" ("id") DEFERRABLE INITIALLY DEFERRED, "codename" varchar(100) NOT NULL, "name" varchar(255) NOT NULL);
INSERT INTO "auth_permission" VALUES(1,1,'add_clinica','Can add clinica');
INSERT INTO "auth_permission" VALUES(2,1,'change_clinica','Can change clinica');
INSERT INTO "auth_permission" VALUES(3,1,'delete_clinica','Can delete clinica');
INSERT INTO "auth_permission" VALUES(4,1,'view_clinica','Can view clinica');
INSERT INTO "auth_permission" VALUES(5,2,'add_usuario','Can add user');
INSERT INTO "auth_permission" VALUES(6,2,'change_usuario','Can change user');
INSERT INTO "auth_permission" VALUES(7,2,'delete_usuario','Can delete user');
INSERT INTO "auth_permission" VALUES(8,2,'view_usuario','Can view user');
INSERT INTO "auth_permission" VALUES(9,6,'add_paciente','Can add paciente');
INSERT INTO "auth_permission" VALUES(10,6,'change_paciente','Can change paciente');
INSERT INTO "auth_permission" VALUES(11,6,'delete_paciente','Can delete paciente');
INSERT INTO "auth_permission" VALUES(12,6,'view_paciente','Can view paciente');
INSERT INTO "auth_permission" VALUES(13,4,'add_expedienteclinico','Can add Expediente Clínico');
INSERT INTO "auth_permission" VALUES(14,4,'change_expedienteclinico','Can change Expediente Clínico');
INSERT INTO "auth_permission" VALUES(15,4,'delete_expedienteclinico','Can delete Expediente Clínico');
INSERT INTO "auth_permission" VALUES(16,4,'view_expedienteclinico','Can view Expediente Clínico');
INSERT INTO "auth_permission" VALUES(17,3,'add_archivoadjunto','Can add Archivo Adjunto');
INSERT INTO "auth_permission" VALUES(18,3,'change_archivoadjunto','Can change Archivo Adjunto');
INSERT INTO "auth_permission" VALUES(19,3,'delete_archivoadjunto','Can delete Archivo Adjunto');
INSERT INTO "auth_permission" VALUES(20,3,'view_archivoadjunto','Can view Archivo Adjunto');
INSERT INTO "auth_permission" VALUES(21,5,'add_notaclinica','Can add Nota Clínica');
INSERT INTO "auth_permission" VALUES(22,5,'change_notaclinica','Can change Nota Clínica');
INSERT INTO "auth_permission" VALUES(23,5,'delete_notaclinica','Can delete Nota Clínica');
INSERT INTO "auth_permission" VALUES(24,5,'view_notaclinica','Can view Nota Clínica');
INSERT INTO "auth_permission" VALUES(25,7,'add_cita','Can add Cita');
INSERT INTO "auth_permission" VALUES(26,7,'change_cita','Can change Cita');
INSERT INTO "auth_permission" VALUES(27,7,'delete_cita','Can delete Cita');
INSERT INTO "auth_permission" VALUES(28,7,'view_cita','Can view Cita');
INSERT INTO "auth_permission" VALUES(29,8,'add_listaespera','Can add Lista de Espera');
INSERT INTO "auth_permission" VALUES(30,8,'change_listaespera','Can change Lista de Espera');
INSERT INTO "auth_permission" VALUES(31,8,'delete_listaespera','Can delete Lista de Espera');
INSERT INTO "auth_permission" VALUES(32,8,'view_listaespera','Can view Lista de Espera');
INSERT INTO "auth_permission" VALUES(33,11,'add_logauditoria','Can add log auditoria');
INSERT INTO "auth_permission" VALUES(34,11,'change_logauditoria','Can change log auditoria');
INSERT INTO "auth_permission" VALUES(35,11,'delete_logauditoria','Can delete log auditoria');
INSERT INTO "auth_permission" VALUES(36,11,'view_logauditoria','Can view log auditoria');
INSERT INTO "auth_permission" VALUES(37,10,'add_diagnosticoia','Can add Diagnóstico IA');
INSERT INTO "auth_permission" VALUES(38,10,'change_diagnosticoia','Can change Diagnóstico IA');
INSERT INTO "auth_permission" VALUES(39,10,'delete_diagnosticoia','Can delete Diagnóstico IA');
INSERT INTO "auth_permission" VALUES(40,10,'view_diagnosticoia','Can view Diagnóstico IA');
INSERT INTO "auth_permission" VALUES(41,12,'add_transaccion','Can add Transacción');
INSERT INTO "auth_permission" VALUES(42,12,'change_transaccion','Can change Transacción');
INSERT INTO "auth_permission" VALUES(43,12,'delete_transaccion','Can delete Transacción');
INSERT INTO "auth_permission" VALUES(44,12,'view_transaccion','Can view Transacción');
INSERT INTO "auth_permission" VALUES(45,9,'add_comprobante','Can add comprobante');
INSERT INTO "auth_permission" VALUES(46,9,'change_comprobante','Can change comprobante');
INSERT INTO "auth_permission" VALUES(47,9,'delete_comprobante','Can delete comprobante');
INSERT INTO "auth_permission" VALUES(48,9,'view_comprobante','Can view comprobante');
INSERT INTO "auth_permission" VALUES(49,13,'add_blacklistedtoken','Can add blacklisted token');
INSERT INTO "auth_permission" VALUES(50,13,'change_blacklistedtoken','Can change blacklisted token');
INSERT INTO "auth_permission" VALUES(51,13,'delete_blacklistedtoken','Can delete blacklisted token');
INSERT INTO "auth_permission" VALUES(52,13,'view_blacklistedtoken','Can view blacklisted token');
INSERT INTO "auth_permission" VALUES(53,14,'add_outstandingtoken','Can add outstanding token');
INSERT INTO "auth_permission" VALUES(54,14,'change_outstandingtoken','Can change outstanding token');
INSERT INTO "auth_permission" VALUES(55,14,'delete_outstandingtoken','Can delete outstanding token');
INSERT INTO "auth_permission" VALUES(56,14,'view_outstandingtoken','Can view outstanding token');
INSERT INTO "auth_permission" VALUES(57,15,'add_logentry','Can add log entry');
INSERT INTO "auth_permission" VALUES(58,15,'change_logentry','Can change log entry');
INSERT INTO "auth_permission" VALUES(59,15,'delete_logentry','Can delete log entry');
INSERT INTO "auth_permission" VALUES(60,15,'view_logentry','Can view log entry');
INSERT INTO "auth_permission" VALUES(61,17,'add_permission','Can add permission');
INSERT INTO "auth_permission" VALUES(62,17,'change_permission','Can change permission');
INSERT INTO "auth_permission" VALUES(63,17,'delete_permission','Can delete permission');
INSERT INTO "auth_permission" VALUES(64,17,'view_permission','Can view permission');
INSERT INTO "auth_permission" VALUES(65,16,'add_group','Can add group');
INSERT INTO "auth_permission" VALUES(66,16,'change_group','Can change group');
INSERT INTO "auth_permission" VALUES(67,16,'delete_group','Can delete group');
INSERT INTO "auth_permission" VALUES(68,16,'view_group','Can view group');
INSERT INTO "auth_permission" VALUES(69,18,'add_contenttype','Can add content type');
INSERT INTO "auth_permission" VALUES(70,18,'change_contenttype','Can change content type');
INSERT INTO "auth_permission" VALUES(71,18,'delete_contenttype','Can delete content type');
INSERT INTO "auth_permission" VALUES(72,18,'view_contenttype','Can view content type');
INSERT INTO "auth_permission" VALUES(73,19,'add_session','Can add session');
INSERT INTO "auth_permission" VALUES(74,19,'change_session','Can change session');
INSERT INTO "auth_permission" VALUES(75,19,'delete_session','Can delete session');
INSERT INTO "auth_permission" VALUES(76,19,'view_session','Can view session');
INSERT INTO "auth_permission" VALUES(77,20,'add_dispositivomovil','Can add dispositivo movil');
INSERT INTO "auth_permission" VALUES(78,20,'change_dispositivomovil','Can change dispositivo movil');
INSERT INTO "auth_permission" VALUES(79,20,'delete_dispositivomovil','Can delete dispositivo movil');
INSERT INTO "auth_permission" VALUES(80,20,'view_dispositivomovil','Can view dispositivo movil');
INSERT INTO "auth_permission" VALUES(81,21,'add_transaccionclinica','Can add transaccion clinica');
INSERT INTO "auth_permission" VALUES(82,21,'change_transaccionclinica','Can change transaccion clinica');
INSERT INTO "auth_permission" VALUES(83,21,'delete_transaccionclinica','Can delete transaccion clinica');
INSERT INTO "auth_permission" VALUES(84,21,'view_transaccionclinica','Can view transaccion clinica');
INSERT INTO "auth_permission" VALUES(85,23,'add_historiaclinica','Can add historia clinica');
INSERT INTO "auth_permission" VALUES(86,23,'change_historiaclinica','Can change historia clinica');
INSERT INTO "auth_permission" VALUES(87,23,'delete_historiaclinica','Can delete historia clinica');
INSERT INTO "auth_permission" VALUES(88,23,'view_historiaclinica','Can view historia clinica');
INSERT INTO "auth_permission" VALUES(89,22,'add_evolucionclinica','Can add evolucion clinica');
INSERT INTO "auth_permission" VALUES(90,22,'change_evolucionclinica','Can change evolucion clinica');
INSERT INTO "auth_permission" VALUES(91,22,'delete_evolucionclinica','Can delete evolucion clinica');
INSERT INTO "auth_permission" VALUES(92,22,'view_evolucionclinica','Can view evolucion clinica');
CREATE TABLE "django_admin_log" ("id" integer NOT NULL PRIMARY KEY AUTOINCREMENT, "object_id" text NULL, "object_repr" varchar(200) NOT NULL, "action_flag" smallint unsigned NOT NULL CHECK ("action_flag" >= 0), "change_message" text NOT NULL, "content_type_id" integer NULL REFERENCES "django_content_type" ("id") DEFERRABLE INITIALLY DEFERRED, "user_id" bigint NOT NULL REFERENCES "P1_Identidad_Acceso_usuario" ("id") DEFERRABLE INITIALLY DEFERRED, "action_time" datetime NOT NULL);
CREATE TABLE "django_content_type" ("id" integer NOT NULL PRIMARY KEY AUTOINCREMENT, "app_label" varchar(100) NOT NULL, "model" varchar(100) NOT NULL);
INSERT INTO "django_content_type" VALUES(1,'P1_Identidad_Acceso','clinica');
INSERT INTO "django_content_type" VALUES(2,'P1_Identidad_Acceso','usuario');
INSERT INTO "django_content_type" VALUES(3,'P2_Gestion_Clinica','archivoadjunto');
INSERT INTO "django_content_type" VALUES(4,'P2_Gestion_Clinica','expedienteclinico');
INSERT INTO "django_content_type" VALUES(5,'P2_Gestion_Clinica','notaclinica');
INSERT INTO "django_content_type" VALUES(6,'P2_Gestion_Clinica','paciente');
INSERT INTO "django_content_type" VALUES(7,'P3_Logistica_Citas','cita');
INSERT INTO "django_content_type" VALUES(8,'P3_Logistica_Citas','listaespera');
INSERT INTO "django_content_type" VALUES(9,'P4_IA_Administracion','comprobante');
INSERT INTO "django_content_type" VALUES(10,'P4_IA_Administracion','diagnosticoia');
INSERT INTO "django_content_type" VALUES(11,'P4_IA_Administracion','logauditoria');
INSERT INTO "django_content_type" VALUES(12,'P4_IA_Administracion','transaccion');
INSERT INTO "django_content_type" VALUES(13,'token_blacklist','blacklistedtoken');
INSERT INTO "django_content_type" VALUES(14,'token_blacklist','outstandingtoken');
INSERT INTO "django_content_type" VALUES(15,'admin','logentry');
INSERT INTO "django_content_type" VALUES(16,'auth','group');
INSERT INTO "django_content_type" VALUES(17,'auth','permission');
INSERT INTO "django_content_type" VALUES(18,'contenttypes','contenttype');
INSERT INTO "django_content_type" VALUES(19,'sessions','session');
INSERT INTO "django_content_type" VALUES(20,'P1_Identidad_Acceso','dispositivomovil');
INSERT INTO "django_content_type" VALUES(21,'P1_Identidad_Acceso','transaccionclinica');
INSERT INTO "django_content_type" VALUES(22,'P2_Gestion_Clinica','evolucionclinica');
INSERT INTO "django_content_type" VALUES(23,'P2_Gestion_Clinica','historiaclinica');
CREATE TABLE "django_migrations" ("id" integer NOT NULL PRIMARY KEY AUTOINCREMENT, "app" varchar(255) NOT NULL, "name" varchar(255) NOT NULL, "applied" datetime NOT NULL);
INSERT INTO "django_migrations" VALUES(1,'contenttypes','0001_initial','2026-05-14 02:53:51.317497');
INSERT INTO "django_migrations" VALUES(2,'contenttypes','0002_remove_content_type_name','2026-05-14 02:53:51.325064');
INSERT INTO "django_migrations" VALUES(3,'auth','0001_initial','2026-05-14 02:53:51.337975');
INSERT INTO "django_migrations" VALUES(4,'auth','0002_alter_permission_name_max_length','2026-05-14 02:53:51.346114');
INSERT INTO "django_migrations" VALUES(5,'auth','0003_alter_user_email_max_length','2026-05-14 02:53:51.351489');
INSERT INTO "django_migrations" VALUES(6,'auth','0004_alter_user_username_opts','2026-05-14 02:53:51.356737');
INSERT INTO "django_migrations" VALUES(7,'auth','0005_alter_user_last_login_null','2026-05-14 02:53:51.362184');
INSERT INTO "django_migrations" VALUES(8,'auth','0006_require_contenttypes_0002','2026-05-14 02:53:51.365527');
INSERT INTO "django_migrations" VALUES(9,'auth','0007_alter_validators_add_error_messages','2026-05-14 02:53:51.371437');
INSERT INTO "django_migrations" VALUES(10,'auth','0008_alter_user_username_max_length','2026-05-14 02:53:51.377556');
INSERT INTO "django_migrations" VALUES(11,'auth','0009_alter_user_last_name_max_length','2026-05-14 02:53:51.383504');
INSERT INTO "django_migrations" VALUES(12,'auth','0010_alter_group_name_max_length','2026-05-14 02:53:51.391572');
INSERT INTO "django_migrations" VALUES(13,'auth','0011_update_proxy_permissions','2026-05-14 02:53:51.396710');
INSERT INTO "django_migrations" VALUES(14,'auth','0012_alter_user_first_name_max_length','2026-05-14 02:53:51.402414');
INSERT INTO "django_migrations" VALUES(15,'P1_Identidad_Acceso','0001_initial','2026-05-14 02:53:51.415814');
INSERT INTO "django_migrations" VALUES(16,'P1_Identidad_Acceso','0002_add_especialidad_telefono','2026-05-14 02:53:51.434976');
INSERT INTO "django_migrations" VALUES(17,'P1_Identidad_Acceso','0003_usuario_forzar_cambio_pass_usuario_ultima_fecha_pass','2026-05-14 02:53:51.451917');
INSERT INTO "django_migrations" VALUES(18,'P1_Identidad_Acceso','0004_usuario_horario_atencion','2026-05-14 02:53:51.462294');
INSERT INTO "django_migrations" VALUES(19,'P2_Gestion_Clinica','0001_initial','2026-05-14 02:53:51.472731');
INSERT INTO "django_migrations" VALUES(20,'P2_Gestion_Clinica','0002_expedienteclinico_archivoadjunto_notaclinica','2026-05-14 02:53:51.496076');
INSERT INTO "django_migrations" VALUES(21,'P3_Logistica_Citas','0001_initial','2026-05-14 02:53:51.509192');
INSERT INTO "django_migrations" VALUES(22,'P3_Logistica_Citas','0002_cita_duracion_minutos_alter_cita_estado_listaespera','2026-05-14 02:53:51.536940');
INSERT INTO "django_migrations" VALUES(23,'P4_IA_Administracion','0001_initial','2026-05-14 02:53:51.551257');
INSERT INTO "django_migrations" VALUES(24,'P4_IA_Administracion','0002_diagnosticoia_transaccion_comprobante','2026-05-14 02:53:51.596653');
INSERT INTO "django_migrations" VALUES(25,'P4_IA_Administracion','0003_alter_diagnosticoia_paciente','2026-05-14 02:53:51.613796');
INSERT INTO "django_migrations" VALUES(26,'admin','0001_initial','2026-05-14 02:53:51.631351');
INSERT INTO "django_migrations" VALUES(27,'admin','0002_logentry_remove_auto_add','2026-05-14 02:53:51.647223');
INSERT INTO "django_migrations" VALUES(28,'admin','0003_logentry_add_action_flag_choices','2026-05-14 02:53:51.656732');
INSERT INTO "django_migrations" VALUES(29,'sessions','0001_initial','2026-05-14 02:53:51.665480');
INSERT INTO "django_migrations" VALUES(30,'token_blacklist','0001_initial','2026-05-14 02:53:51.692839');
INSERT INTO "django_migrations" VALUES(31,'token_blacklist','0002_outstandingtoken_jti_hex','2026-05-14 02:53:51.705739');
INSERT INTO "django_migrations" VALUES(32,'token_blacklist','0003_auto_20171017_2007','2026-05-14 02:53:51.721325');
INSERT INTO "django_migrations" VALUES(33,'token_blacklist','0004_auto_20171017_2013','2026-05-14 02:53:51.735048');
INSERT INTO "django_migrations" VALUES(34,'token_blacklist','0005_remove_outstandingtoken_jti','2026-05-14 02:53:51.748983');
INSERT INTO "django_migrations" VALUES(35,'token_blacklist','0006_auto_20171017_2113','2026-05-14 02:53:51.761700');
INSERT INTO "django_migrations" VALUES(36,'token_blacklist','0007_auto_20171017_2214','2026-05-14 02:53:51.795339');
INSERT INTO "django_migrations" VALUES(37,'token_blacklist','0008_migrate_to_bigautofield','2026-05-14 02:53:51.821234');
INSERT INTO "django_migrations" VALUES(38,'token_blacklist','0010_fix_migrate_to_bigautofield','2026-05-14 02:53:51.845730');
INSERT INTO "django_migrations" VALUES(39,'token_blacklist','0011_linearizes_history','2026-05-14 02:53:51.849964');
INSERT INTO "django_migrations" VALUES(40,'token_blacklist','0012_alter_outstandingtoken_user','2026-05-14 02:53:51.865946');
INSERT INTO "django_migrations" VALUES(41,'P1_Identidad_Acceso','0003_usuario_debe_cambiar_password_and_more','2026-05-14 07:23:39.960328');
INSERT INTO "django_migrations" VALUES(42,'P1_Identidad_Acceso','0004_dispositivomovil','2026-05-14 07:23:39.980316');
INSERT INTO "django_migrations" VALUES(43,'P1_Identidad_Acceso','0005_clinica_suscripcion_activa_and_more','2026-05-14 07:23:39.996857');
INSERT INTO "django_migrations" VALUES(44,'P1_Identidad_Acceso','0006_remove_clinica_suscripcion_activa_and_more','2026-05-14 07:23:40.014923');
INSERT INTO "django_migrations" VALUES(45,'P1_Identidad_Acceso','0007_clinica_email_contacto_clinica_logo_clinica_telefono','2026-05-14 07:23:40.040356');
INSERT INTO "django_migrations" VALUES(46,'P1_Identidad_Acceso','0008_clinica_fecha_creacion_clinica_saldo_and_more','2026-05-14 07:23:40.070206');
INSERT INTO "django_migrations" VALUES(47,'P1_Identidad_Acceso','0009_usuario_ci_alter_transaccionclinica_tipo','2026-05-14 07:23:40.091896');
INSERT INTO "django_migrations" VALUES(48,'P1_Identidad_Acceso','0010_merge_20260514_0323','2026-05-14 07:23:40.094895');
INSERT INTO "django_migrations" VALUES(49,'P2_Gestion_Clinica','0002_historiaclinica_evolucionclinica','2026-05-14 07:23:40.124368');
INSERT INTO "django_migrations" VALUES(50,'P2_Gestion_Clinica','0003_paciente_fecha_registro','2026-05-14 07:23:40.139933');
INSERT INTO "django_migrations" VALUES(51,'P2_Gestion_Clinica','0004_merge_20260514_0323','2026-05-14 07:23:40.143450');
INSERT INTO "django_migrations" VALUES(52,'P3_Logistica_Citas','0002_listaespera','2026-05-14 07:24:11.558564');
INSERT INTO "django_migrations" VALUES(53,'P3_Logistica_Citas','0003_alter_cita_estado','2026-05-14 07:24:21.207998');
INSERT INTO "django_migrations" VALUES(54,'P3_Logistica_Citas','0004_merge_20260514_0323','2026-05-14 07:24:21.213091');
INSERT INTO "django_migrations" VALUES(55,'P4_IA_Administracion','0002_transaccion_comprobante','2026-05-14 07:26:05.909201');
INSERT INTO "django_migrations" VALUES(56,'P4_IA_Administracion','0003_logauditoria_clinica_logauditoria_ip_address_and_more','2026-05-14 07:26:11.766213');
INSERT INTO "django_migrations" VALUES(57,'P4_IA_Administracion','0004_merge_20260514_0323','2026-05-14 07:26:11.770225');
INSERT INTO "django_migrations" VALUES(58,'P3_Logistica_Citas','0005_mobile_payment_fields','2026-05-18 02:58:54.676486');
INSERT INTO "django_migrations" VALUES(59,'P4_IA_Administracion','0005_mobile_payment_fields','2026-05-18 02:58:54.718807');
INSERT INTO "django_migrations" VALUES(60,'P1_Identidad_Acceso','0011_remove_usuario_forzar_cambio_pass_and_more','2026-05-22 17:00:20.190306');
INSERT INTO "django_migrations" VALUES(61,'P2_Gestion_Clinica','0005_remove_expedienteclinico_paciente_and_more','2026-05-22 17:00:20.232294');
INSERT INTO "django_migrations" VALUES(62,'P3_Logistica_Citas','0006_alter_listaespera_options_remove_listaespera_clinica_and_more','2026-05-22 17:00:20.316268');
CREATE TABLE "django_session" ("session_key" varchar(40) NOT NULL PRIMARY KEY, "session_data" text NOT NULL, "expire_date" datetime NOT NULL);
CREATE TABLE "token_blacklist_blacklistedtoken" ("blacklisted_at" datetime NOT NULL, "token_id" bigint NOT NULL UNIQUE REFERENCES "token_blacklist_outstandingtoken" ("id") DEFERRABLE INITIALLY DEFERRED, "id" integer NOT NULL PRIMARY KEY AUTOINCREMENT);
CREATE TABLE "token_blacklist_outstandingtoken" ("token" text NOT NULL, "created_at" datetime NULL, "expires_at" datetime NOT NULL, "user_id" bigint NULL REFERENCES "P1_Identidad_Acceso_usuario" ("id") DEFERRABLE INITIALLY DEFERRED, "jti" varchar(255) NOT NULL UNIQUE, "id" integer NOT NULL PRIMARY KEY AUTOINCREMENT);
INSERT INTO "token_blacklist_outstandingtoken" VALUES('eyJhbGciOiJIUzI1NiIsInR5cCI6IkpXVCJ9.eyJ0b2tlbl90eXBlIjoicmVmcmVzaCIsImV4cCI6MTc3ODgxNTAzMSwiaWF0IjoxNzc4NzI4NjMxLCJqdGkiOiIzZDIyYzcwZmZkMTA0ZTZlYmU2OTVjMDlhMGZlMTQyMyIsInVzZXJfaWQiOjN9.37nt-tnzNGEzAw5S4A1vfoG_mu8X8zAEHmGUmtppzEM','2026-05-14 03:17:11.068699','2026-05-15 03:17:11',3,'3d22c70ffd104e6ebe695c09a0fe1423',1);
INSERT INTO "token_blacklist_outstandingtoken" VALUES('eyJhbGciOiJIUzI1NiIsInR5cCI6IkpXVCJ9.eyJ0b2tlbl90eXBlIjoicmVmcmVzaCIsImV4cCI6MTc3ODgxNjI0OSwiaWF0IjoxNzc4NzI5ODQ5LCJqdGkiOiJlYmRjNjY5NDcyMzM0YmEwYWM1NGNlMDg5NjMzN2ZhMSIsInVzZXJfaWQiOjF9.gumfB1cN9qIp76Ns9mh0CIgZh9qOWBUOSn_F0a7kLMs','2026-05-14 03:37:29.798355','2026-05-15 03:37:29',1,'ebdc669472334ba0ac54ce0896337fa1',2);
INSERT INTO "token_blacklist_outstandingtoken" VALUES('eyJhbGciOiJIUzI1NiIsInR5cCI6IkpXVCJ9.eyJ0b2tlbl90eXBlIjoicmVmcmVzaCIsImV4cCI6MTc3ODg0NDI3NCwiaWF0IjoxNzc4NzU3ODc0LCJqdGkiOiJmMmFkNDJkNjBhYzk0NzliOTQwZjMyMWNjZTIzNTIyNyIsInVzZXJfaWQiOjN9.7EvFHCNQpxYyvx69Uikh3Tb00NZDB_Rldh7ntG7qt08','2026-05-14 11:24:34.663258','2026-05-15 11:24:34',3,'f2ad42d60ac9479b940f321cce235227',3);
INSERT INTO "token_blacklist_outstandingtoken" VALUES('eyJhbGciOiJIUzI1NiIsInR5cCI6IkpXVCJ9.eyJ0b2tlbl90eXBlIjoicmVmcmVzaCIsImV4cCI6MTc3ODg0NDI3NCwiaWF0IjoxNzc4NzU3ODc0LCJqdGkiOiI1OWRlYTUzYjRlZDg0NjQ4OWUxMTA3MDM5NTZlMDFjMCIsInVzZXJfaWQiOjN9.brRCvERTrMsMB_llr0_3e-p2ro7aIafVNOSo_sEocnw','2026-05-14 11:24:34.734444','2026-05-15 11:24:34',3,'59dea53b4ed846489e110703956e01c0',4);
INSERT INTO "token_blacklist_outstandingtoken" VALUES('eyJhbGciOiJIUzI1NiIsInR5cCI6IkpXVCJ9.eyJ0b2tlbl90eXBlIjoicmVmcmVzaCIsImV4cCI6MTc3ODg0NDI3NCwiaWF0IjoxNzc4NzU3ODc0LCJqdGkiOiI5ZTg1YjcwZmY5ODQ0YjA3YjY5MGEwMTBkZjE3NTZhNyIsInVzZXJfaWQiOjN9.gKswSjoZmgwUmNiCcoo5EtZnRFuGQdddR0CY18euRno','2026-05-14 11:24:34.754367','2026-05-15 11:24:34',3,'9e85b70ff9844b07b690a010df1756a7',5);
INSERT INTO "token_blacklist_outstandingtoken" VALUES('eyJhbGciOiJIUzI1NiIsInR5cCI6IkpXVCJ9.eyJ0b2tlbl90eXBlIjoicmVmcmVzaCIsImV4cCI6MTc3ODg0NTQ3MywiaWF0IjoxNzc4NzU5MDczLCJqdGkiOiJiYzZjNmQ5MzM4ZTY0MGViOTc2ZWRjNjVlYTBkZWY0NSIsInVzZXJfaWQiOjN9.fUVkbxZTgp3CLSqnRg7aS1o76qVLNn19zTA-rZQXLkU','2026-05-14 11:44:33.254851','2026-05-15 11:44:33',3,'bc6c6d9338e640eb976edc65ea0def45',6);
INSERT INTO "token_blacklist_outstandingtoken" VALUES('eyJhbGciOiJIUzI1NiIsInR5cCI6IkpXVCJ9.eyJ0b2tlbl90eXBlIjoicmVmcmVzaCIsImV4cCI6MTc3ODg0NTUxNywiaWF0IjoxNzc4NzU5MTE3LCJqdGkiOiJhNjZiNTMyMzkxNmI0NDJjOTgxODcyYWU4ZmI3ZWI1NyIsInVzZXJfaWQiOjN9.VLA27Z0_Q9D5FJjrPLIEU9bXeOs_oCf4URh2HyBXPhc','2026-05-14 11:45:17.496530','2026-05-15 11:45:17',3,'a66b5323916b442c981872ae8fb7eb57',7);
INSERT INTO "token_blacklist_outstandingtoken" VALUES('eyJhbGciOiJIUzI1NiIsInR5cCI6IkpXVCJ9.eyJ0b2tlbl90eXBlIjoicmVmcmVzaCIsImV4cCI6MTc3ODg0NTg0NiwiaWF0IjoxNzc4NzU5NDQ2LCJqdGkiOiJmZWExOWViNmEzMjM0ZTAzOGUyNzExZDQwMzhkOTNmZCIsInVzZXJfaWQiOjN9.gytKsO1X45Sscp8sXlU5wcI2eayTYBI-EAYjPcbHqwY','2026-05-14 11:50:46.357645','2026-05-15 11:50:46',3,'fea19eb6a3234e038e2711d4038d93fd',8);
INSERT INTO "token_blacklist_outstandingtoken" VALUES('eyJhbGciOiJIUzI1NiIsInR5cCI6IkpXVCJ9.eyJ0b2tlbl90eXBlIjoicmVmcmVzaCIsImV4cCI6MTc3ODg0NjQxNiwiaWF0IjoxNzc4NzYwMDE2LCJqdGkiOiJkNTQyOWRlZmUyYWI0NjI2OTZlNTQ4ZjdiNDQ2YzM1MiIsInVzZXJfaWQiOjF9.hvNeyr9N35DOgAqZVMVKqs0aLjuWnDehTgDpZyvvcSs','2026-05-14 12:00:16.346955','2026-05-15 12:00:16',1,'d5429defe2ab462696e548f7b446c352',9);
INSERT INTO "token_blacklist_outstandingtoken" VALUES('eyJhbGciOiJIUzI1NiIsInR5cCI6IkpXVCJ9.eyJ0b2tlbl90eXBlIjoicmVmcmVzaCIsImV4cCI6MTc3ODg0NjQxNywiaWF0IjoxNzc4NzYwMDE3LCJqdGkiOiI4M2E2NDBkM2YzN2E0NjQ4OGY2ZDQzNzNlMzU0MGUwZCIsInVzZXJfaWQiOjJ9._sdIE4-5hCcGNga_utyh-5qAvMzGqwC0G0JRpQi2-Xw','2026-05-14 12:00:17.634043','2026-05-15 12:00:17',2,'83a640d3f37a46488f6d4373e3540e0d',10);
INSERT INTO "token_blacklist_outstandingtoken" VALUES('eyJhbGciOiJIUzI1NiIsInR5cCI6IkpXVCJ9.eyJ0b2tlbl90eXBlIjoicmVmcmVzaCIsImV4cCI6MTc3ODg0NjQxOCwiaWF0IjoxNzc4NzYwMDE4LCJqdGkiOiJhMTFkNzJlYmEwODg0OGE4YWE4YjI5OWUzZDM2YmU3MCIsInVzZXJfaWQiOjR9.dA1U51u3NpX3k4YJYiMu4VqF9TP_oKPdwVXj61djqeo','2026-05-14 12:00:18.790146','2026-05-15 12:00:18',4,'a11d72eba08848a8aa8b299e3d36be70',11);
INSERT INTO "token_blacklist_outstandingtoken" VALUES('eyJhbGciOiJIUzI1NiIsInR5cCI6IkpXVCJ9.eyJ0b2tlbl90eXBlIjoicmVmcmVzaCIsImV4cCI6MTc3ODg0NjQyMCwiaWF0IjoxNzc4NzYwMDIwLCJqdGkiOiJmOGFkZGRmNWIzMDg0NWYzOTYwOWZmZGRhZDc1NGQ3NSIsInVzZXJfaWQiOjN9.5M7a6GB8yyF1PhNTmqcSvv47VgSd8P1kL191E3J4Ezw','2026-05-14 12:00:20.055776','2026-05-15 12:00:20',3,'f8adddf5b30845f39609ffddad754d75',12);
INSERT INTO "token_blacklist_outstandingtoken" VALUES('eyJhbGciOiJIUzI1NiIsInR5cCI6IkpXVCJ9.eyJ0b2tlbl90eXBlIjoicmVmcmVzaCIsImV4cCI6MTc3OTE1OTY4OCwiaWF0IjoxNzc5MDczMjg4LCJqdGkiOiJjYjRmYjA5MmIwN2E0ODgwYWE2NmVjOWU5ODcxYjZjOCIsInVzZXJfaWQiOjF9.EZrwuxN9nIxT1rNjyag_BLxmqCffFd0HBwivy_ENE-o','2026-05-18 03:01:28.429789','2026-05-19 03:01:28',1,'cb4fb092b07a4880aa66ec9e9871b6c8',13);
INSERT INTO "token_blacklist_outstandingtoken" VALUES('eyJhbGciOiJIUzI1NiIsInR5cCI6IkpXVCJ9.eyJ0b2tlbl90eXBlIjoicmVmcmVzaCIsImV4cCI6MTc3OTE1OTY4OCwiaWF0IjoxNzc5MDczMjg4LCJqdGkiOiJlYTJhMmEyYjZhMjc0MjdlOGM1NDg3NmQzYWVlNTU2MSIsInVzZXJfaWQiOjN9.x_gizm0C6d5K6NSeSN1uUo3zw67a5CZMrjlEP5nJgKo','2026-05-18 03:01:28.513105','2026-05-19 03:01:28',3,'ea2a2a2b6a27427e8c54876d3aee5561',14);
INSERT INTO "token_blacklist_outstandingtoken" VALUES('eyJhbGciOiJIUzI1NiIsInR5cCI6IkpXVCJ9.eyJ0b2tlbl90eXBlIjoicmVmcmVzaCIsImV4cCI6MTc3OTE1OTY4OCwiaWF0IjoxNzc5MDczMjg4LCJqdGkiOiJkMGEzMGZlMGZhNDA0MjUzOWJiYTYyODJjODBiYjUyNSIsInVzZXJfaWQiOjN9.YZPUT8PWM_f0adNjQP5vSG_gih_XUlXAgMac-4s8fNU','2026-05-18 03:01:28.550810','2026-05-19 03:01:28',3,'d0a30fe0fa4042539bba6282c80bb525',15);
INSERT INTO "token_blacklist_outstandingtoken" VALUES('eyJhbGciOiJIUzI1NiIsInR5cCI6IkpXVCJ9.eyJ0b2tlbl90eXBlIjoicmVmcmVzaCIsImV4cCI6MTc3OTE1OTk3NSwiaWF0IjoxNzc5MDczNTc1LCJqdGkiOiIxY2JjMDQ1ZjQ5ZDA0OGIxOTc0NWYxZTRkNTE2MzliYiIsInVzZXJfaWQiOjN9.XOVIPoSl88s92Y_ILY86XXQ9-HRfXJUMF8WzolPmFYM','2026-05-18 03:06:15.894726','2026-05-19 03:06:15',3,'1cbc045f49d048b19745f1e4d51639bb',16);
INSERT INTO "token_blacklist_outstandingtoken" VALUES('eyJhbGciOiJIUzI1NiIsInR5cCI6IkpXVCJ9.eyJ0b2tlbl90eXBlIjoicmVmcmVzaCIsImV4cCI6MTc3OTE1OTk3NSwiaWF0IjoxNzc5MDczNTc1LCJqdGkiOiI3NWM5ODgwMmE3OTg0NmI3YTdiNDk4YTJlM2M3NGFiNCIsInVzZXJfaWQiOjN9.k4-9ZEArApiLCsxGNn0mmziTUH0w5A64pMZ8w2uA6O0','2026-05-18 03:06:15.918723','2026-05-19 03:06:15',3,'75c98802a79846b7a7b498a2e3c74ab4',17);
INSERT INTO "token_blacklist_outstandingtoken" VALUES('eyJhbGciOiJIUzI1NiIsInR5cCI6IkpXVCJ9.eyJ0b2tlbl90eXBlIjoicmVmcmVzaCIsImV4cCI6MTc3OTE1OTk3NSwiaWF0IjoxNzc5MDczNTc1LCJqdGkiOiJjMjkyNzRkMjNjZWI0YTAzOTliZmVkMjgwZmExOTFjOSIsInVzZXJfaWQiOjN9.D6_M0NpGe08_CO7lkePrTNw4SvuhuEvFv6Aj4x8QpRs','2026-05-18 03:06:15.981376','2026-05-19 03:06:15',3,'c29274d23ceb4a0399bfed280fa191c9',18);
INSERT INTO "token_blacklist_outstandingtoken" VALUES('eyJhbGciOiJIUzI1NiIsInR5cCI6IkpXVCJ9.eyJ0b2tlbl90eXBlIjoicmVmcmVzaCIsImV4cCI6MTc3OTE1OTk3NiwiaWF0IjoxNzc5MDczNTc2LCJqdGkiOiJlMTc5ZWI1MzQwNWE0MGNlYjk2ZjM2NzUwNGZlZjQ2NyIsInVzZXJfaWQiOjF9.RG839X9YiIBfvdTSl-yhf-uX4fJi8ch4GLjTI4N8Mbc','2026-05-18 03:06:16.005554','2026-05-19 03:06:16',1,'e179eb53405a40ceb96f367504fef467',19);
INSERT INTO "token_blacklist_outstandingtoken" VALUES('eyJhbGciOiJIUzI1NiIsInR5cCI6IkpXVCJ9.eyJ0b2tlbl90eXBlIjoicmVmcmVzaCIsImV4cCI6MTc3OTE2MDAxOSwiaWF0IjoxNzc5MDczNjE5LCJqdGkiOiJmOTY5NzMyMDRlOTE0NTM1YWZlMDlkZDYyZGI2ZmI3MCIsInVzZXJfaWQiOjN9.1_IL1gKM237_gV-IXPl_LTPYjl-HkwvJt0isd6WbVrc','2026-05-18 03:06:59.274118','2026-05-19 03:06:59',3,'f96973204e914535afe09dd62db6fb70',20);
INSERT INTO "token_blacklist_outstandingtoken" VALUES('eyJhbGciOiJIUzI1NiIsInR5cCI6IkpXVCJ9.eyJ0b2tlbl90eXBlIjoicmVmcmVzaCIsImV4cCI6MTc3OTE2MDAxOSwiaWF0IjoxNzc5MDczNjE5LCJqdGkiOiI4ZDQ1NmQ1ZGFjYWQ0MWQ0YTZhODc0NDQxMDc0Mzc2NyIsInVzZXJfaWQiOjN9.csMockptJHm2zteoGJeLHzsyPpYJITa-bExO1HTWmSQ','2026-05-18 03:06:59.381303','2026-05-19 03:06:59',3,'8d456d5dacad41d4a6a8744410743767',21);
INSERT INTO "token_blacklist_outstandingtoken" VALUES('eyJhbGciOiJIUzI1NiIsInR5cCI6IkpXVCJ9.eyJ0b2tlbl90eXBlIjoicmVmcmVzaCIsImV4cCI6MTc3OTE2MDMyNSwiaWF0IjoxNzc5MDczOTI1LCJqdGkiOiJkNzZkMTM0NzVjNzk0ZDAyOTc5YTVlZmFmYzUxOGZjZCIsInVzZXJfaWQiOjN9.m501ojfW9itBXo6vSTgT5KHRYN7GfR7iCg4YD_SonpY','2026-05-18 03:12:05.375259','2026-05-19 03:12:05',3,'d76d13475c794d02979a5efafc518fcd',22);
INSERT INTO "token_blacklist_outstandingtoken" VALUES('eyJhbGciOiJIUzI1NiIsInR5cCI6IkpXVCJ9.eyJ0b2tlbl90eXBlIjoicmVmcmVzaCIsImV4cCI6MTc3OTE2MDM1NCwiaWF0IjoxNzc5MDczOTU0LCJqdGkiOiJkNTNiMjM0NGNlM2E0ZWY2YTVhMjlhOGExYTM5MTViZSIsInVzZXJfaWQiOjN9.hFo-wFELVkKIO28p-Ntkyzg-bh5BrTwKBLcB9GeleZQ','2026-05-18 03:12:34.363282','2026-05-19 03:12:34',3,'d53b2344ce3a4ef6a5a29a8a1a3915be',23);
INSERT INTO "token_blacklist_outstandingtoken" VALUES('eyJhbGciOiJIUzI1NiIsInR5cCI6IkpXVCJ9.eyJ0b2tlbl90eXBlIjoicmVmcmVzaCIsImV4cCI6MTc3OTE2MDcwNywiaWF0IjoxNzc5MDc0MzA3LCJqdGkiOiJlNGNhNjM4NTUwOWU0Njg4OTMxYTRiMzlhMDM1MDMzZSIsInVzZXJfaWQiOjN9.6Gx32PHH5z3x8hPQjt2hBD7Y91s1cQ4vdBQVdvbNmI4','2026-05-18 03:18:27.913652','2026-05-19 03:18:27',3,'e4ca6385509e4688931a4b39a035033e',24);
INSERT INTO "token_blacklist_outstandingtoken" VALUES('eyJhbGciOiJIUzI1NiIsInR5cCI6IkpXVCJ9.eyJ0b2tlbl90eXBlIjoicmVmcmVzaCIsImV4cCI6MTc3OTE2MDk0OSwiaWF0IjoxNzc5MDc0NTQ5LCJqdGkiOiI3ODE5MTZlZTNlMzU0MjhlOWY0MWZlNjIwZTZkYmE5NSIsInVzZXJfaWQiOjF9.uTuugDWnQwxYIxrhu-qAibXJPes8Eh3hsR0mg8wEqDM','2026-05-18 03:22:29.092980','2026-05-19 03:22:29',1,'781916ee3e35428e9f41fe620e6dba95',25);
INSERT INTO "token_blacklist_outstandingtoken" VALUES('eyJhbGciOiJIUzI1NiIsInR5cCI6IkpXVCJ9.eyJ0b2tlbl90eXBlIjoicmVmcmVzaCIsImV4cCI6MTc3OTM5MDkyMSwiaWF0IjoxNzc5MzA0NTIxLCJqdGkiOiI4Y2ZhYmMzNmYyZTc0ZTk3YWYyMTVhMjJmYTlkOTllZCIsInVzZXJfaWQiOjN9.pnVXPm1mMPuowNR-rAPBeTM3LUCSWSZUkS_NRoFn2Yc','2026-05-20 19:15:21.403027','2026-05-21 19:15:21',3,'8cfabc36f2e74e97af215a22fa9d99ed',26);
INSERT INTO "token_blacklist_outstandingtoken" VALUES('eyJhbGciOiJIUzI1NiIsInR5cCI6IkpXVCJ9.eyJ0b2tlbl90eXBlIjoicmVmcmVzaCIsImV4cCI6MTc3OTM5MDk3OCwiaWF0IjoxNzc5MzA0NTc4LCJqdGkiOiI3NGNkNGI2YjBmMTk0YmY0ODQxZGM1YmZkYjRiMmI3NSIsInVzZXJfaWQiOjF9.URwa8jLCmCWIiyKXy07OO_tFtT_cBKU3vnF0BxSqSO0','2026-05-20 19:16:18.373278','2026-05-21 19:16:18',1,'74cd4b6b0f194bf4841dc5bfdb4b2b75',27);
INSERT INTO "token_blacklist_outstandingtoken" VALUES('eyJhbGciOiJIUzI1NiIsInR5cCI6IkpXVCJ9.eyJ0b2tlbl90eXBlIjoicmVmcmVzaCIsImV4cCI6MTc3OTM5MTEyNywiaWF0IjoxNzc5MzA0NzI3LCJqdGkiOiJkM2E5YjhkMmNlYTQ0ZWQyOWE1YWFhNWI3ODI5YWM5OSIsInVzZXJfaWQiOjN9.Q_S9J4_tNkPIVc4K1ofU_ATVqWKjDMX2POotHGwjLFs','2026-05-20 19:18:47.282778','2026-05-21 19:18:47',3,'d3a9b8d2cea44ed29a5aaa5b7829ac99',28);
INSERT INTO "token_blacklist_outstandingtoken" VALUES('eyJhbGciOiJIUzI1NiIsInR5cCI6IkpXVCJ9.eyJ0b2tlbl90eXBlIjoicmVmcmVzaCIsImV4cCI6MTc3OTM5NTY2NCwiaWF0IjoxNzc5MzA5MjY0LCJqdGkiOiJkMDliNTRkZjQzYWM0NzA2OTdkNDQ3ZTA0M2Q2ZTVkMyIsInVzZXJfaWQiOjF9.P5gjav7c0oPkpHiZr2J3apCY_SrE7ETMdZcBiJHMTbs','2026-05-20 20:34:24.419079','2026-05-21 20:34:24',1,'d09b54df43ac470697d447e043d6e5d3',29);
INSERT INTO "token_blacklist_outstandingtoken" VALUES('eyJhbGciOiJIUzI1NiIsInR5cCI6IkpXVCJ9.eyJ0b2tlbl90eXBlIjoicmVmcmVzaCIsImV4cCI6MTc3OTM5NzQ3OCwiaWF0IjoxNzc5MzExMDc4LCJqdGkiOiJkMzA0ZGZlMTcxNWQ0OGIyOTI5MTNkNjEwM2I3ZjJjYiIsInVzZXJfaWQiOjN9.wf3Lgi37CS7ZRh2WExfPhz5JOxjm-UZvo1TrNqnikpM','2026-05-20 21:04:38.905981','2026-05-21 21:04:38',3,'d304dfe1715d48b292913d6103b7f2cb',30);
CREATE UNIQUE INDEX "django_content_type_app_label_model_76bd3d3b_uniq" ON "django_content_type" ("app_label", "model");
CREATE UNIQUE INDEX "auth_group_permissions_group_id_permission_id_0cd325b0_uniq" ON "auth_group_permissions" ("group_id", "permission_id");
CREATE INDEX "auth_group_permissions_group_id_b120cbf9" ON "auth_group_permissions" ("group_id");
CREATE INDEX "auth_group_permissions_permission_id_84c5c92e" ON "auth_group_permissions" ("permission_id");
CREATE UNIQUE INDEX "auth_permission_content_type_id_codename_01ab375a_uniq" ON "auth_permission" ("content_type_id", "codename");
CREATE INDEX "auth_permission_content_type_id_2f476e4b" ON "auth_permission" ("content_type_id");
CREATE UNIQUE INDEX "P1_Identidad_Acceso_usuario_groups_usuario_id_group_id_f2a23fdc_uniq" ON "P1_Identidad_Acceso_usuario_groups" ("usuario_id", "group_id");
CREATE INDEX "P1_Identidad_Acceso_usuario_groups_usuario_id_7e3e6952" ON "P1_Identidad_Acceso_usuario_groups" ("usuario_id");
CREATE INDEX "P1_Identidad_Acceso_usuario_groups_group_id_ee0f7951" ON "P1_Identidad_Acceso_usuario_groups" ("group_id");
CREATE UNIQUE INDEX "P1_Identidad_Acceso_usuario_user_permissions_usuario_id_permission_id_f0e04100_uniq" ON "P1_Identidad_Acceso_usuario_user_permissions" ("usuario_id", "permission_id");
CREATE INDEX "P1_Identidad_Acceso_usuario_user_permissions_usuario_id_6ae87582" ON "P1_Identidad_Acceso_usuario_user_permissions" ("usuario_id");
CREATE INDEX "P1_Identidad_Acceso_usuario_user_permissions_permission_id_a940cc4a" ON "P1_Identidad_Acceso_usuario_user_permissions" ("permission_id");
CREATE INDEX "P4_IA_Administracion_logauditoria_usuario_id_2cf3aefd" ON "P4_IA_Administracion_logauditoria" ("usuario_id");
CREATE INDEX "P4_IA_Administracion_transaccion_clinica_id_46b2a8d8" ON "P4_IA_Administracion_transaccion" ("clinica_id");
CREATE INDEX "P4_IA_Administracion_transaccion_paciente_id_810861b8" ON "P4_IA_Administracion_transaccion" ("paciente_id");
CREATE INDEX "P4_IA_Administracion_diagnosticoia_psicologo_id_bc81277d" ON "P4_IA_Administracion_diagnosticoia" ("psicologo_id");
CREATE INDEX "P4_IA_Administracion_diagnosticoia_paciente_id_c795d47a" ON "P4_IA_Administracion_diagnosticoia" ("paciente_id");
CREATE INDEX "django_admin_log_content_type_id_c4bce8eb" ON "django_admin_log" ("content_type_id");
CREATE INDEX "django_admin_log_user_id_c564eba6" ON "django_admin_log" ("user_id");
CREATE INDEX "django_session_expire_date_a5c62663" ON "django_session" ("expire_date");
CREATE INDEX "token_blacklist_outstandingtoken_user_id_83bc629a" ON "token_blacklist_outstandingtoken" ("user_id");
CREATE INDEX "P1_Identidad_Acceso_dispositivomovil_usuario_id_c08dda10" ON "P1_Identidad_Acceso_dispositivomovil" ("usuario_id");
CREATE INDEX "P1_Identidad_Acceso_transaccionclinica_clinica_id_bb89a148" ON "P1_Identidad_Acceso_transaccionclinica" ("clinica_id");
CREATE INDEX "P1_Identidad_Acceso_usuario_clinica_id_0555b7bf" ON "P1_Identidad_Acceso_usuario" ("clinica_id");
CREATE INDEX "P2_Gestion_Clinica_evolucionclinica_psicologo_id_a0b8c146" ON "P2_Gestion_Clinica_evolucionclinica" ("psicologo_id");
CREATE INDEX "P2_Gestion_Clinica_evolucionclinica_historia_id_abdb4348" ON "P2_Gestion_Clinica_evolucionclinica" ("historia_id");
CREATE INDEX "P2_Gestion_Clinica_paciente_clinica_id_e58b1d44" ON "P2_Gestion_Clinica_paciente" ("clinica_id");
CREATE INDEX "P4_IA_Administracion_logauditoria_clinica_id_f2f10391" ON "P4_IA_Administracion_logauditoria" ("clinica_id");
CREATE INDEX "P3_Logistica_Citas_cita_paciente_id_dde8496c" ON "P3_Logistica_Citas_cita" ("paciente_id");
CREATE INDEX "P3_Logistica_Citas_cita_psicologo_id_b6126865" ON "P3_Logistica_Citas_cita" ("psicologo_id");
CREATE INDEX "P3_Logistica_Citas_cita_cancelado_por_id_44be893f" ON "P3_Logistica_Citas_cita" ("cancelado_por_id");
CREATE INDEX P4_IA_Administracion_transaccion_cita_id_demo_idx ON P4_IA_Administracion_transaccion (cita_id);
CREATE INDEX "P3_Logistica_Citas_listaespera_paciente_id_cfe72014" ON "P3_Logistica_Citas_listaespera" ("paciente_id");
DELETE FROM "sqlite_sequence";
INSERT INTO "sqlite_sequence" VALUES('django_migrations',62);
INSERT INTO "sqlite_sequence" VALUES('django_content_type',23);
INSERT INTO "sqlite_sequence" VALUES('auth_permission',92);
INSERT INTO "sqlite_sequence" VALUES('auth_group',0);
INSERT INTO "sqlite_sequence" VALUES('P4_IA_Administracion_diagnosticoia',0);
INSERT INTO "sqlite_sequence" VALUES('django_admin_log',0);
INSERT INTO "sqlite_sequence" VALUES('token_blacklist_blacklistedtoken',0);
INSERT INTO "sqlite_sequence" VALUES('token_blacklist_outstandingtoken',30);
INSERT INTO "sqlite_sequence" VALUES('P4_IA_Administracion_transaccion',17);
INSERT INTO "sqlite_sequence" VALUES('P4_IA_Administracion_logauditoria',41);
INSERT INTO "sqlite_sequence" VALUES('P1_Identidad_Acceso_clinica',4);
INSERT INTO "sqlite_sequence" VALUES('P1_Identidad_Acceso_usuario',8);
INSERT INTO "sqlite_sequence" VALUES('P2_Gestion_Clinica_paciente',9);
INSERT INTO "sqlite_sequence" VALUES('P3_Logistica_Citas_cita',37);
INSERT INTO "sqlite_sequence" VALUES('P4_IA_Administracion_comprobante',6);
INSERT INTO "sqlite_sequence" VALUES('P1_Identidad_Acceso_transaccionclinica',6);
INSERT INTO "sqlite_sequence" VALUES('P3_Logistica_Citas_listaespera',0);
INSERT INTO "sqlite_sequence" VALUES('P2_Gestion_Clinica_historiaclinica',2);
COMMIT;
